<?xml version="1.0" encoding="utf-8" ?><dwsync><file name="complete-725duo-black.html" server="ftp.rakuten.ne.jp:16910" local="3458277926" remote="3458277900" Dst="-1" /><file name="complete-721duo-black.html" server="ftp.rakuten.ne.jp:16910" local="3458278490" remote="3458278440" Dst="-1" /><file name="complete-721duo-white.html" server="ftp.rakuten.ne.jp:16910" local="3458278491" remote="3458278440" Dst="-1" /><file name="complete-725duo-white.html" server="ftp.rakuten.ne.jp:16910" local="3458277934" remote="-4611698212676230524" Dst="-1" /><file name="complete-735tr-black.html" server="ftp.rakuten.ne.jp:16910//" local="3466341412" remote="7761308656" Dst="-1" /><file name="complete-kagero-pp.html" server="ftp.rakuten.ne.jp:16910//" local="3466345951" remote="7761313216" Dst="-1" /><file name="complete-kagero-ob.html" server="ftp.rakuten.ne.jp:16910//" local="3466345952" remote="7761313216" Dst="-1" /><file name="complete-735tr-white.html" server="ftp.rakuten.ne.jp:16910//" local="3466345953" remote="7761313216" Dst="-1" /><file name="complete-eqnx-carbon.html" server="ftp.rakuten.ne.jp:16910//" local="3466377483" remote="7761344776" Dst="-1" /><file name="complete-renovatio-raven.html" server="ftp.rakuten.ne.jp:16910//" local="3466377478" remote="7761344716" Dst="-1" /></dwsync>