<?xml version="1.0" encoding="utf-8" ?><dwsync><file name="h3_front.html" server="ftp.rakuten.ne.jp:16910" local="3458126922" remote="3458126880" Dst="-1" /><file name="h3_road_cli.html" server="ftp.rakuten.ne.jp:16910" local="3458126923" remote="3458126880" Dst="-1" /><file name="h3_road_tube.html" server="ftp.rakuten.ne.jp:16910" local="3458126922" remote="3458126880" Dst="-1" /><file name="h3_rear.html" server="ftp.rakuten.ne.jp:16910" local="3458126910" remote="3458126880" Dst="-1" /><file name="jet_5_ex_front.html" server="ftp.rakuten.ne.jp:16910" local="3458126956" remote="3458126940" Dst="-1" /><file name="jet_7_ex_front.html" server="ftp.rakuten.ne.jp:16910" local="3458126970" remote="3458126940" Dst="-1" /><file name="jet4.html" server="ftp.rakuten.ne.jp:16910" local="3458126996" remote="3458126940" Dst="-1" /><file name="jet6.html" server="ftp.rakuten.ne.jp:16910" local="3458127004" remote="3458127000" Dst="-1" /><file name="jet9.html" server="ftp.rakuten.ne.jp:16910" local="3458127013" remote="3458127000" Dst="-1" /></dwsync>