<?xml version="1.0" encoding="utf-8" ?><dwsync><file name="notorious03-f.html" server="ftp.rakuten.ne.jp:16910" local="3460595894" remote="7755563176" Dst="-1" /><file name="notorious90.html" server="ftp.rakuten.ne.jp:16910" local="3460595162" remote="7755562456" Dst="-1" /><file name="notorious90-color.html" server="ftp.rakuten.ne.jp:16910" local="3460595163" remote="7755562456" Dst="-1" /><file name="notorious50.html" server="ftp.rakuten.ne.jp:16910" local="3460596767" remote="7755564016" Dst="-1" /><file name="notorious05-r.html" server="ftp.rakuten.ne.jp:16910" local="3460596102" remote="7755563356" Dst="-1" /><file name="notorious05-f.html" server="ftp.rakuten.ne.jp:16910" local="3460596089" remote="7755563356" Dst="-1" /><file name="notorious03-r.html" server="ftp.rakuten.ne.jp:16910" local="3460596104" remote="7755563356" Dst="-1" /><file name="notorious90.html" server="ftp.rakuten.ne.jp:16910//" local="3466438589" remote="7761405856" Dst="-1" /><file name="notorious90-color.html" server="ftp.rakuten.ne.jp:16910//" local="3466438582" remote="7761405856" Dst="-1" /><file name="notorious90.html" server="ftp.cloudgates.net//gold/" local="3466404026" remote="7761338896" Dst="-1" /><file name="notorious90.html" server="153.122.19.63/httpdocs/gold/" local="3466430386" remote="7761397636" Dst="-1" /><file name="notorious90-color.html" server="153.122.19.63/httpdocs/gold/" local="3466430516" remote="7761397756" Dst="-1" /></dwsync>