<?xml version="1.0" encoding="utf-8" ?><dwsync><file name="leaderbike-735-w.html" server="ftp.rakuten.ne.jp:16910" local="3456367684" remote="3456367680" Dst="-1" /><file name="leaderbike-735-b.html" server="ftp.rakuten.ne.jp:16910" local="3456039582" remote="3456039540" Dst="-1" /><file name="leaderbike-725-w.html" server="ftp.rakuten.ne.jp:16910" local="3456040841" remote="3456040800" Dst="-1" /><file name="leaderbike-725-b.html" server="ftp.rakuten.ne.jp:16910" local="3456040841" remote="3456040800" Dst="-1" /><file name="leaderbike-721-b.html" server="ftp.rakuten.ne.jp:16910" local="3456040743" remote="3456040740" Dst="-1" /><file name="leaderbike-000-a.html" server="ftp.rakuten.ne.jp:16910" local="3456040575" remote="3456040560" Dst="-1" /><file name="leaderbike-721-w.html" server="ftp.rakuten.ne.jp:16910" local="3456040806" remote="3456040800" Dst="-1" /><file name="leaderbike-kagero-pp.html" server="ftp.rakuten.ne.jp:16910" local="3456041087" remote="3456041040" Dst="-1" /><file name="leaderbike-kagero-ob.html" server="ftp.rakuten.ne.jp:16910" local="3456041123" remote="3456041100" Dst="-1" /><file name="leaderbike-heritage-b.html" server="ftp.rakuten.ne.jp:16910" local="3456045402" remote="3456045360" Dst="-1" /><file name="leaderbike-heritage-l.html" server="ftp.rakuten.ne.jp:16910" local="3456045504" remote="3456045480" Dst="-1" /><file name="leaderbike-721-duo-b.html" server="ftp.rakuten.ne.jp:16910" local="3456046662" remote="3456046620" Dst="-1" /><file name="leaderbike-721-duo-w.html" server="ftp.rakuten.ne.jp:16910" local="3456046621" remote="3456046620" Dst="-1" /><file name="leaderbike-725-duo-b.html" server="ftp.rakuten.ne.jp:16910" local="3456047307" remote="3456047280" Dst="-1" /><file name="leaderbike-725-duo-w.html" server="ftp.rakuten.ne.jp:16910" local="3456047281" remote="3456047280" Dst="-1" /><file name="leaderbike-frame-735-b.html" server="ftp.rakuten.ne.jp:16910" local="3456047837" remote="3456047820" Dst="-1" /><file name="leaderbike-frame-735-w.html" server="ftp.rakuten.ne.jp:16910" local="3456458504" remote="3456458460" Dst="-1" /><file name="leaderbike-frame-725-w.html" server="ftp.rakuten.ne.jp:16910" local="3456051367" remote="3456051360" Dst="-1" /><file name="leaderbike-frame-725-b.html" server="ftp.rakuten.ne.jp:16910" local="3456048159" remote="3456048120" Dst="-1" /><file name="leaderbike-frame-721-b.html" server="ftp.rakuten.ne.jp:16910" local="3456048470" remote="3456048420" Dst="-1" /><file name="leaderbike-frame-heritagelo-b.html" server="ftp.rakuten.ne.jp:16910" local="3456048926" remote="3456048900" Dst="-1" /><file name="leaderbike-frame-heritagelo-l.html" server="ftp.rakuten.ne.jp:16910" local="3456048987" remote="3456048960" Dst="-1" /><file name="leaderbike-frame-722ts-b.html" server="ftp.rakuten.ne.jp:16910" local="3456051366" remote="3456051360" Dst="-1" /><file name="leaderbike-frame-722ts-r.html" server="ftp.rakuten.ne.jp:16910" local="3456051367" remote="3456051360" Dst="-1" /><file name="leaderbike-frame-722ts-bl.html" server="ftp.rakuten.ne.jp:16910" local="3456071118" remote="3456071100" Dst="-1" /><file name="leaderbike-frame-hurricane-b.html" server="ftp.rakuten.ne.jp:16910" local="3456051982" remote="3456051960" Dst="-1" /><file name="leaderbike-frame-hurricane-p.html" server="ftp.rakuten.ne.jp:16910" local="3456052006" remote="3456051960" Dst="-1" /><file name="leaderbike-frame-pharaoh-b.html" server="ftp.rakuten.ne.jp:16910" local="3456052192" remote="3456052140" Dst="-1" /><file name="leaderbike-frame-pharaoh-p.html" server="ftp.rakuten.ne.jp:16910" local="3456052227" remote="3456052200" Dst="-1" /><file name="leaderbike-frame-pharaoh-c.html" server="ftp.rakuten.ne.jp:16910" local="3456052245" remote="3456052200" Dst="-1" /><file name="leaderbike-handle-downtown-p.html" server="ftp.rakuten.ne.jp:16910" local="3456052597" remote="3456052560" Dst="-1" /><file name="leaderbike-handle-saber-b.html" server="ftp.rakuten.ne.jp:16910" local="3456052815" remote="3456052800" Dst="-1" /><file name="leaderbike-handle-uptown-b.html" server="ftp.rakuten.ne.jp:16910" local="3456052913" remote="3456052860" Dst="-1" /><file name="leaderbike-handle-neighborhood-b.html" server="ftp.rakuten.ne.jp:16910" local="3456053097" remote="3456053040" Dst="-1" /><file name="leaderbike-handle-neighborhood-p.html" server="ftp.rakuten.ne.jp:16910" local="3456053128" remote="3456053100" Dst="-1" /><file name="leaderbike-fork-i806tr-g.html" server="ftp.rakuten.ne.jp:16910" local="3456053427" remote="3456053400" Dst="-1" /><file name="leaderbike-fork-i806tr-m.html" server="ftp.rakuten.ne.jp:16910" local="3456053462" remote="3456053460" Dst="-1" /><file name="leaderbike-fork-i06tr-g.html" server="ftp.rakuten.ne.jp:16910" local="3456134794" remote="3456134760" Dst="-1" /><file name="leaderbike-fork-i06tr-m.html" server="ftp.rakuten.ne.jp:16910" local="3456134789" remote="3456134760" Dst="-1" /><file name="leaderbike-fork-i806a-b.html" server="ftp.rakuten.ne.jp:16910" local="3456134975" remote="3456134940" Dst="-1" /><file name="leaderbike-fork-i806a-w.html" server="ftp.rakuten.ne.jp:16910" local="3456134976" remote="3456134940" Dst="-1" /><file name="leaderbike-fork-s805-g.html" server="ftp.rakuten.ne.jp:16910" local="3456135078" remote="3456135060" Dst="-1" /><file name="leaderbike-fork-s805-m.html" server="ftp.rakuten.ne.jp:16910" local="3456135108" remote="3456135060" Dst="-1" /><file name="leaderbike-fork-s803-b.html" server="ftp.rakuten.ne.jp:16910" local="3456135217" remote="3456135180" Dst="-1" /><file name="leaderbike-fork-s803-p.html" server="ftp.rakuten.ne.jp:16910" local="3456135267" remote="3456135240" Dst="-1" /><file name="leaderbike-saddle-cosmic-suede.html" server="ftp.rakuten.ne.jp:16910" local="3456135425" remote="3456135420" Dst="-1" /><file name="leaderbike-saddle-cosmic-b.html" server="ftp.rakuten.ne.jp:16910" local="3456135496" remote="3456135480" Dst="-1" /><file name="leaderbike-saddle-cosmic-w.html" server="ftp.rakuten.ne.jp:16910" local="3456135518" remote="3456135480" Dst="-1" /><file name="leaderbike-saddle-cosmic-br.html" server="ftp.rakuten.ne.jp:16910" local="3456135537" remote="3456135480" Dst="-1" /><file name="leaderbike-saddle-mordecai-b.html" server="ftp.rakuten.ne.jp:16910" local="3456135639" remote="3456135600" Dst="-1" /><file name="leaderbike-saddle-mordecai-w.html" server="ftp.rakuten.ne.jp:16910" local="3456135680" remote="3456135660" Dst="-1" /><file name="leaderbike-seatpost-spca1.html" server="ftp.rakuten.ne.jp:16910" local="3456136171" remote="3456136140" Dst="-1" /><file name="leaderbike-stem-shield.html" server="ftp.rakuten.ne.jp:16910" local="3456136538" remote="3456136500" Dst="-1" /><file name="leaderbike-stem-3dpista.html" server="ftp.rakuten.ne.jp:16910" local="3456136686" remote="3456136680" Dst="-1" /><file name="leaderbike-acc-sticker.html" server="ftp.rakuten.ne.jp:16910" local="3456159925" remote="3456159900" Dst="-1" /><file name="leaderbike-crank-corsa-p.html" server="ftp.rakuten.ne.jp:16910" local="3456192494" remote="3456192480" Dst="-1" /></dwsync>