<?xml version="1.0" encoding="utf-8" ?><dwsync><file name="leaderbike-000-a.html" server="ftp.rakuten.ne.jp:16910" local="3456040575" remote="3456040560" Dst="-1" /><file name="leaderbike-frame-735-b.html" server="ftp.rakuten.ne.jp:16910" local="3456047837" remote="3456047820" Dst="-1" /><file name="leaderbike-frame-725-w.html" server="ftp.rakuten.ne.jp:16910" local="3456051367" remote="3456051360" Dst="-1" /><file name="leaderbike-frame-725-b.html" server="ftp.rakuten.ne.jp:16910" local="3456048159" remote="3456048120" Dst="-1" /><file name="leaderbike-frame-721-b.html" server="ftp.rakuten.ne.jp:16910" local="3456048470" remote="3456048420" Dst="-1" /><file name="leaderbike-frame-heritagelo-b.html" server="ftp.rakuten.ne.jp:16910" local="3456048926" remote="3456048900" Dst="-1" /><file name="leaderbike-frame-heritagelo-l.html" server="ftp.rakuten.ne.jp:16910" local="3456048987" remote="3456048960" Dst="-1" /><file name="leaderbike-frame-722ts-b.html" server="ftp.rakuten.ne.jp:16910" local="3456051366" remote="3456051360" Dst="-1" /><file name="leaderbike-frame-722ts-r.html" server="ftp.rakuten.ne.jp:16910" local="3456051367" remote="3456051360" Dst="-1" /><file name="leaderbike-frame-722ts-bl.html" server="ftp.rakuten.ne.jp:16910" local="3456071118" remote="3456071100" Dst="-1" /><file name="leaderbike-frame-hurricane-b.html" server="ftp.rakuten.ne.jp:16910" local="3456051982" remote="3456051960" Dst="-1" /><file name="leaderbike-frame-hurricane-p.html" server="ftp.rakuten.ne.jp:16910" local="3456052006" remote="3456051960" Dst="-1" /><file name="leaderbike-frame-pharaoh-b.html" server="ftp.rakuten.ne.jp:16910" local="3456052192" remote="3456052140" Dst="-1" /><file name="leaderbike-frame-pharaoh-p.html" server="ftp.rakuten.ne.jp:16910" local="3456052227" remote="3456052200" Dst="-1" /><file name="leaderbike-frame-pharaoh-c.html" server="ftp.rakuten.ne.jp:16910" local="3456052245" remote="3456052200" Dst="-1" /><file name="leaderbike-handle-downtown-p.html" server="ftp.rakuten.ne.jp:16910" local="3456052597" remote="3456052560" Dst="-1" /><file name="leaderbike-handle-saber-b.html" server="ftp.rakuten.ne.jp:16910" local="3456052815" remote="3456052800" Dst="-1" /><file name="leaderbike-handle-uptown-b.html" server="ftp.rakuten.ne.jp:16910" local="3456052913" remote="3456052860" Dst="-1" /><file name="leaderbike-handle-neighborhood-b.html" server="ftp.rakuten.ne.jp:16910" local="3456053097" remote="3456053040" Dst="-1" /><file name="leaderbike-handle-neighborhood-p.html" server="ftp.rakuten.ne.jp:16910" local="3456053128" remote="3456053100" Dst="-1" /><file name="leaderbike-fork-i806tr-g.html" server="ftp.rakuten.ne.jp:16910" local="3456053427" remote="3456053400" Dst="-1" /><file name="leaderbike-fork-i806tr-m.html" server="ftp.rakuten.ne.jp:16910" local="3457170041" remote="3457170000" Dst="-1" /><file name="leaderbike-fork-i06tr-g.html" server="ftp.rakuten.ne.jp:16910" local="3456134794" remote="3456134760" Dst="-1" /><file name="leaderbike-fork-i06tr-m.html" server="ftp.rakuten.ne.jp:16910" local="3456134789" remote="3456134760" Dst="-1" /><file name="leaderbike-fork-i806a-b.html" server="ftp.rakuten.ne.jp:16910" local="3456134975" remote="3456134940" Dst="-1" /><file name="leaderbike-fork-i806a-w.html" server="ftp.rakuten.ne.jp:16910" local="3456134976" remote="3456134940" Dst="-1" /><file name="leaderbike-fork-s805-g.html" server="ftp.rakuten.ne.jp:16910" local="3456135078" remote="3456135060" Dst="-1" /><file name="leaderbike-fork-s805-m.html" server="ftp.rakuten.ne.jp:16910" local="3456135108" remote="3456135060" Dst="-1" /><file name="leaderbike-fork-s803-b.html" server="ftp.rakuten.ne.jp:16910" local="3456135217" remote="3456135180" Dst="-1" /><file name="leaderbike-fork-s803-p.html" server="ftp.rakuten.ne.jp:16910" local="3456135267" remote="3456135240" Dst="-1" /><file name="leaderbike-saddle-cosmic-suede.html" server="ftp.rakuten.ne.jp:16910" local="3456135425" remote="3456135420" Dst="-1" /><file name="leaderbike-saddle-cosmic-b.html" server="ftp.rakuten.ne.jp:16910" local="3456135496" remote="3456135480" Dst="-1" /><file name="leaderbike-saddle-cosmic-w.html" server="ftp.rakuten.ne.jp:16910" local="3456135518" remote="3456135480" Dst="-1" /><file name="leaderbike-saddle-cosmic-br.html" server="ftp.rakuten.ne.jp:16910" local="3456135537" remote="3456135480" Dst="-1" /><file name="leaderbike-saddle-mordecai-b.html" server="ftp.rakuten.ne.jp:16910" local="3456135639" remote="3456135600" Dst="-1" /><file name="leaderbike-saddle-mordecai-w.html" server="ftp.rakuten.ne.jp:16910" local="3456135680" remote="3456135660" Dst="-1" /><file name="leaderbike-seatpost-spca1.html" server="ftp.rakuten.ne.jp:16910" local="3456136171" remote="3456136140" Dst="-1" /><file name="leaderbike-stem-shield.html" server="ftp.rakuten.ne.jp:16910" local="3456136538" remote="3456136500" Dst="-1" /><file name="leaderbike-stem-3dpista.html" server="ftp.rakuten.ne.jp:16910" local="3456136686" remote="3456136680" Dst="-1" /><file name="leaderbike-acc-sticker.html" server="ftp.rakuten.ne.jp:16910" local="3456159925" remote="3456159900" Dst="-1" /><file name="leaderbike-crank-corsa-p.html" server="ftp.rakuten.ne.jp:16910" local="3456192494" remote="3456192480" Dst="-1" /><file name="leaderbike-frame-735-w.html" server="ftp.rakuten.ne.jp:16910" local="3456883902" remote="3456883860" Dst="-1" /><file name="leaderbike-complete-725tr-white.html" server="ftp.rakuten.ne.jp:16910" local="3456993438" remote="3456993420" Dst="-1" /><file name="leaderbike-complete-725tr-black.html" server="ftp.rakuten.ne.jp:16910" local="3456993447" remote="3456993420" Dst="-1" /><file name="leaderbike-complete-721tr-white.html" server="ftp.rakuten.ne.jp:16910" local="3456993455" remote="3456993420" Dst="-1" /><file name="leaderbike-complete-721tr-duo-w.html" server="ftp.rakuten.ne.jp:16910" local="3456993466" remote="3456993420" Dst="-1" /><file name="leaderbike-complete-721tr-duo-b.html" server="ftp.rakuten.ne.jp:16910" local="3456993473" remote="3456993420" Dst="-1" /><file name="leaderbike-complete-721tr-black.html" server="ftp.rakuten.ne.jp:16910" local="3456993479" remote="3456993420" Dst="-1" /><file name="leaderbike-complete-725-duo-b.html" server="ftp.rakuten.ne.jp:16910" local="3456993488" remote="3456993480" Dst="-1" /><file name="leaderbike-complete-725-duo-w.html" server="ftp.rakuten.ne.jp:16910" local="3456993495" remote="3456993480" Dst="-1" /><file name="leaderbike-complete-735tr-black.html" server="ftp.rakuten.ne.jp:16910" local="3456993505" remote="3456993480" Dst="-1" /><file name="leaderbike-complete-735tr-white.html" server="ftp.rakuten.ne.jp:16910" local="3456993511" remote="3456993480" Dst="-1" /><file name="leaderbike-complete-kagero-ob.html" server="ftp.rakuten.ne.jp:16910" local="3456993531" remote="3456993480" Dst="-1" /><file name="leaderbike-complete-kagero-pp.html" server="ftp.rakuten.ne.jp:16910" local="3456993537" remote="3456993480" Dst="-1" /><file name="leaderbike-complete-722lo-black.html" server="ftp.rakuten.ne.jp:16910" local="3456993520" remote="-4611697525482747584" Dst="-1" /><file name="leaderbike-complete-722lo-lilac.html" server="ftp.rakuten.ne.jp:16910" local="3456993525" remote="-4611737107901347520" Dst="-1" /><file name="brotures-handle-carbon.html" server="ftp.rakuten.ne.jp:16910" local="3457033775" remote="3457033740" Dst="-1" /><file name="brotures-phil-bb.html" server="ftp.rakuten.ne.jp:16910" local="3457166593" remote="3457166580" Dst="-1" /><file name="brotures-shred-set.html" server="ftp.rakuten.ne.jp:16910" local="3457173304" remote="3457173300" Dst="-1" /><file name="blb-notorious03-f.html" server="ftp.rakuten.ne.jp:16910" local="3457198688" remote="3457198680" Dst="-1" /><file name="blb-notorious05-f.html" server="ftp.rakuten.ne.jp:16910" local="3457200094" remote="3457200060" Dst="-1" /><file name="blb-pista-b.html" server="ftp.rakuten.ne.jp:16910" local="3457199932" remote="3457199880" Dst="-1" /><file name="blb-pista-p.html" server="ftp.rakuten.ne.jp:16910" local="3457199948" remote="3457199940" Dst="-1" /><file name="blb-roadrat-b.html" server="ftp.rakuten.ne.jp:16910" local="3457200037" remote="3457200000" Dst="-1" /><file name="blb-notorious05-r.html" server="ftp.rakuten.ne.jp:16910" local="3457200099" remote="3457200060" Dst="-1" /><file name="blb-track.html" server="ftp.rakuten.ne.jp:16910" local="3457200206" remote="3457200180" Dst="-1" /><file name="blb-ahead-stem.html" server="ftp.rakuten.ne.jp:16910" local="3457200452" remote="3457200420" Dst="-1" /><file name="blb-alloy-seatpost.html" server="ftp.rakuten.ne.jp:16910" local="3457200490" remote="3457200480" Dst="-1" /><file name="blb-carbon-aero.html" server="ftp.rakuten.ne.jp:16910" local="3457200599" remote="3457200540" Dst="-1" /><file name="blb-carbon-seatpost.html" server="ftp.rakuten.ne.jp:16910" local="3457200677" remote="3457200660" Dst="-1" /><file name="aerospoke-matte-f.html" server="ftp.rakuten.ne.jp:16910" local="3457204172" remote="3457204140" Dst="-1" /><file name="aerospoke-natural-f.html" server="ftp.rakuten.ne.jp:16910" local="3457204164" remote="3457204140" Dst="-1" /><file name="aerospoke-white-f.html" server="ftp.rakuten.ne.jp:16910" local="3457204233" remote="3457204200" Dst="-1" /><file name="aerospoke-white-r.html" server="ftp.rakuten.ne.jp:16910" local="3457204265" remote="3457204260" Dst="-1" /><file name="aerospoke-natural-r.html" server="ftp.rakuten.ne.jp:16910" local="3457204282" remote="3457204260" Dst="-1" /><file name="aerospoke-matte-r.html" server="ftp.rakuten.ne.jp:16910" local="3457204289" remote="3457204260" Dst="-1" /><file name="create-9th-b_b.html" server="ftp.rakuten.ne.jp:16910" local="3457204485" remote="3457204440" Dst="-1" /><file name="create-9th-b_bl.html" server="ftp.rakuten.ne.jp:16910" local="3457204546" remote="3457204500" Dst="-1" /><file name="create-9th-bl_r.html" server="ftp.rakuten.ne.jp:16910" local="3457204627" remote="3457204620" Dst="-1" /><file name="create-9th-gry_or.html" server="ftp.rakuten.ne.jp:16910" local="3457204687" remote="3457204680" Dst="-1" /><file name="create-9th-mi_bronze.html" server="ftp.rakuten.ne.jp:16910" local="3457204740" remote="3457204740" Dst="-1" /><file name="create-9th-p_r.html" server="ftp.rakuten.ne.jp:16910" local="3457204815" remote="3457204800" Dst="-1" /><file name="create-9th-r_p.html" server="ftp.rakuten.ne.jp:16910" local="3457204857" remote="3457204800" Dst="-1" /><file name="create-9th-w_bl_gr.html" server="ftp.rakuten.ne.jp:16910" local="3457204900" remote="3457204860" Dst="-1" /><file name="deda-condor.html" server="ftp.rakuten.ne.jp:16910" local="3457205096" remote="3457205040" Dst="-1" /><file name="deda-crono-bull.html" server="ftp.rakuten.ne.jp:16910" local="3457205289" remote="3457205280" Dst="-1" /><file name="deda-crono-lr.html" server="ftp.rakuten.ne.jp:16910" local="3457205324" remote="3457205280" Dst="-1" /><file name="deda-crono-team.html" server="ftp.rakuten.ne.jp:16910" local="3457205396" remote="3457205340" Dst="-1" /><file name="deda-dabar.html" server="ftp.rakuten.ne.jp:16910" local="3457205626" remote="3457205580" Dst="-1" /><file name="deda-pista-b.html" server="ftp.rakuten.ne.jp:16910" local="3457205719" remote="3457205700" Dst="-1" /><file name="deda-seatpost-rsx01-b.html" server="ftp.rakuten.ne.jp:16910" local="3457207262" remote="3457207260" Dst="-1" /><file name="deda-seatpost-rsx01-r.html" server="ftp.rakuten.ne.jp:16910" local="3457207294" remote="3457207260" Dst="-1" /><file name="deda-seatpost-rsx01-w.html" server="ftp.rakuten.ne.jp:16910" local="3457207314" remote="3457207260" Dst="-1" /><file name="deda-seatpost-zero100-b.html" server="ftp.rakuten.ne.jp:16910" local="3457207634" remote="3457207620" Dst="-1" /><file name="deda-seatpost-zero100-w.html" server="ftp.rakuten.ne.jp:16910" local="3457207694" remote="3457207680" Dst="-1" /><file name="deda-stem-cortissimo-b.html" server="ftp.rakuten.ne.jp:16910" local="3457208020" remote="3457207980" Dst="-1" /><file name="deda-stem-cortissimo-w.html" server="ftp.rakuten.ne.jp:16910" local="3457208114" remote="3457208100" Dst="-1" /><file name="deda-stem-quattro2-b.html" server="ftp.rakuten.ne.jp:16910" local="3457208254" remote="3457208220" Dst="-1" /><file name="deda-stem-quattro2-b_w.html" server="ftp.rakuten.ne.jp:16910" local="3457208288" remote="3457208280" Dst="-1" /><file name="deda-stem-quattro2-w.html" server="ftp.rakuten.ne.jp:16910" local="3457208383" remote="3457208340" Dst="-1" /><file name="deda-stem-superleggero.html" server="ftp.rakuten.ne.jp:16910" local="3457208679" remote="3457208640" Dst="-1" /><file name="deda-stem-zero100pista.html" server="ftp.rakuten.ne.jp:16910" local="3457208929" remote="3457208880" Dst="-1" /><file name="deda-stem-zero100sc-b.html" server="ftp.rakuten.ne.jp:16910" local="3457209154" remote="3457209120" Dst="-1" /><file name="deda-stem-zero100sc-w.html" server="ftp.rakuten.ne.jp:16910" local="3457209237" remote="3457209180" Dst="-1" /><file name="deda-stem-zero1-b.html" server="ftp.rakuten.ne.jp:16910" local="3457209391" remote="3457209360" Dst="-1" /><file name="deda-stem-zero1-w.html" server="ftp.rakuten.ne.jp:16910" local="3457209419" remote="3457209360" Dst="-1" /><file name="deda-stem-zero1-r.html" server="ftp.rakuten.ne.jp:16910" local="3457209521" remote="3457209480" Dst="-1" /><file name="deda-stem-zeronero-b.html" server="ftp.rakuten.ne.jp:16910" local="3457209668" remote="3457209660" Dst="-1" /><file name="deda-stem-zeronero-w.html" server="ftp.rakuten.ne.jp:16910" local="3457209715" remote="3457209660" Dst="-1" /><file name="deda-streetissimo-b.html" server="ftp.rakuten.ne.jp:16910" local="3457210950" remote="3457210920" Dst="-1" /><file name="deda-streetissimo-w.html" server="ftp.rakuten.ne.jp:16910" local="3457211124" remote="3457211100" Dst="-1" /><file name="deda-velocita-p.html" server="ftp.rakuten.ne.jp:16910" local="3457211307" remote="3457211280" Dst="-1" /><file name="dosno-detroit2.html" server="ftp.rakuten.ne.jp:16910" local="3457211581" remote="3457211580" Dst="-1" /><file name="dosno-houston.html" server="ftp.rakuten.ne.jp:16910" local="3457211671" remote="3457211640" Dst="-1" /><file name="dosno-montecarlo.html" server="ftp.rakuten.ne.jp:16910" local="3457211747" remote="3457211700" Dst="-1" /><file name="dosno-tokyo.html" server="ftp.rakuten.ne.jp:16910" local="3457211798" remote="3457211760" Dst="-1" /><file name="easton-ec90-trackbar.html" server="ftp.rakuten.ne.jp:16910" local="3457212161" remote="3457212120" Dst="-1" /><file name="eithghinch-crank-b.html" server="ftp.rakuten.ne.jp:16910" local="3457212334" remote="3457212300" Dst="-1" /><file name="eithghinch-crank-gl.html" server="ftp.rakuten.ne.jp:16910" local="3457212415" remote="3457212360" Dst="-1" /><file name="eithghinch-crank-p.html" server="ftp.rakuten.ne.jp:16910" local="3457212457" remote="3457212420" Dst="-1" /><file name="eithghinch-crank-w.html" server="ftp.rakuten.ne.jp:16910" local="3457212476" remote="3457212420" Dst="-1" /><file name="eithghinch-julian-b.html" server="ftp.rakuten.ne.jp:16910" local="3457212568" remote="3457212540" Dst="-1" /><file name="eithghinch-julian-p.html" server="ftp.rakuten.ne.jp:16910" local="3457212600" remote="3457212600" Dst="-1" /><file name="eithghinch-julian-w.html" server="ftp.rakuten.ne.jp:16910" local="3457212622" remote="3457212600" Dst="-1" /><file name="fizik-arione-cx-kium-w.html" server="ftp.rakuten.ne.jp:16910" local="3457214503" remote="3457214460" Dst="-1" /><file name="fizik-arione-cx-kium-r.html" server="ftp.rakuten.ne.jp:16910" local="3457214527" remote="3457214520" Dst="-1" /><file name="fizik-arione-kium-std.html" server="ftp.rakuten.ne.jp:16910" local="3457214670" remote="3457214640" Dst="-1" /><file name="fizik-arione-versus-b.html" server="ftp.rakuten.ne.jp:16910" local="3457214915" remote="3457214880" Dst="-1" /><file name="fizik-arione-versus-w.html" server="ftp.rakuten.ne.jp:16910" local="3457233781" remote="3457233780" Dst="-1" /><file name="haro-object-b.html" server="ftp.rakuten.ne.jp:16910" local="3457234298" remote="3457234260" Dst="-1" /><file name="haro-object-bl.html" server="ftp.rakuten.ne.jp:16910" local="3457234342" remote="3457234320" Dst="-1" /><file name="haro-project-b.html" server="ftp.rakuten.ne.jp:16910" local="3457234468" remote="3457234440" Dst="-1" /><file name="haro-project-s.html" server="ftp.rakuten.ne.jp:16910" local="3457234504" remote="3457234500" Dst="-1" /><file name="hps-archetype-ano.html" server="ftp.rakuten.ne.jp:16910" local="3457235851" remote="3457235820" Dst="-1" /><file name="hps-archetype-b.html" server="ftp.rakuten.ne.jp:16910" local="3457235852" remote="3457235820" Dst="-1" /><file name="hps-archetype-p.html" server="ftp.rakuten.ne.jp:16910" local="3457236054" remote="3457236000" Dst="-1" /><file name="hps-eero-b.html" server="ftp.rakuten.ne.jp:16910" local="3457236145" remote="3457236120" Dst="-1" /><file name="hps-eero-bl.html" server="ftp.rakuten.ne.jp:16910" local="3457236180" remote="3457236180" Dst="-1" /><file name="hps-eero-gl.html" server="ftp.rakuten.ne.jp:16910" local="3457236201" remote="3457236180" Dst="-1" /><file name="hps-eero-gr.html" server="ftp.rakuten.ne.jp:16910" local="3457236255" remote="3457236240" Dst="-1" /><file name="hps-eero-p.html" server="ftp.rakuten.ne.jp:16910" local="3457236251" remote="3457236240" Dst="-1" /><file name="hps-eero-r.html" server="ftp.rakuten.ne.jp:16910" local="3457236275" remote="3457236240" Dst="-1" /><file name="hps-eero-w.html" server="ftp.rakuten.ne.jp:16910" local="3457236293" remote="3457236240" Dst="-1" /><file name="hps-sl42-ano.html" server="ftp.rakuten.ne.jp:16910" local="3457236363" remote="3457236360" Dst="-1" /><file name="hps-sl42-b.html" server="ftp.rakuten.ne.jp:16910" local="3457236487" remote="3457236480" Dst="-1" /><file name="hps-sl42-bl.html" server="ftp.rakuten.ne.jp:16910" local="3457236518" remote="3457236480" Dst="-1" /><file name="hps-sl42-gl.html" server="ftp.rakuten.ne.jp:16910" local="3457236539" remote="3457236480" Dst="-1" /><file name="hps-sl42-gr.html" server="ftp.rakuten.ne.jp:16910" local="3457236562" remote="3457236540" Dst="-1" /><file name="hps-sl42-gry.html" server="ftp.rakuten.ne.jp:16910" local="3457236612" remote="3457236600" Dst="-1" /><file name="hps-sl42-p.html" server="ftp.rakuten.ne.jp:16910" local="3457236631" remote="3457236600" Dst="-1" /><file name="hps-sl42-r.html" server="ftp.rakuten.ne.jp:16910" local="3457236651" remote="3457236600" Dst="-1" /><file name="hps-sl42-s.html" server="ftp.rakuten.ne.jp:16910" local="3457236674" remote="3457236660" Dst="-1" /><file name="hps-sl42-w.html" server="ftp.rakuten.ne.jp:16910" local="3457236698" remote="3457236660" Dst="-1" /><file name="nitto-b123aa-b.html" server="ftp.rakuten.ne.jp:16910" local="3457237601" remote="3457237560" Dst="-1" /><file name="nitto-b123aa-s.html" server="ftp.rakuten.ne.jp:16910" local="3457237625" remote="3457237620" Dst="-1" /><file name="nitto-b201aa-bl.html" server="ftp.rakuten.ne.jp:16910" local="3457237635" remote="3457237620" Dst="-1" /><file name="nitto-b201aa-gl.html" server="ftp.rakuten.ne.jp:16910" local="3457237650" remote="3457237620" Dst="-1" /><file name="nitto-b201aa-r.html" server="ftp.rakuten.ne.jp:16910" local="3457237660" remote="3457237620" Dst="-1" /><file name="nitto-b201aa-s.html" server="ftp.rakuten.ne.jp:16910" local="3457237667" remote="3457237620" Dst="-1" /><file name="nitto-rb021-b.html" server="ftp.rakuten.ne.jp:16910" local="3457237965" remote="3457237920" Dst="-1" /><file name="nitto-rb021-s.html" server="ftp.rakuten.ne.jp:16910" local="3457237988" remote="3457237980" Dst="-1" /><file name="paul-crank-b.html" server="ftp.rakuten.ne.jp:16910" local="3457238530" remote="3457238520" Dst="-1" /><file name="paul-crank-p.html" server="ftp.rakuten.ne.jp:16910" local="3457238550" remote="3457238520" Dst="-1" /><file name="paul-elever-l.html" server="ftp.rakuten.ne.jp:16910" local="3457239352" remote="3457239300" Dst="-1" /><file name="paul-elever-r.html" server="ftp.rakuten.ne.jp:16910" local="3457239269" remote="3457239240" Dst="-1" /><file name="paul-large-hub-b-f.html" server="ftp.rakuten.ne.jp:16910" local="3457239558" remote="3457239540" Dst="-1" /><file name="paul-large-hub-b-r.html" server="ftp.rakuten.ne.jp:16910" local="3457239570" remote="3457239540" Dst="-1" /><file name="paul-large-hub-p-f.html" server="ftp.rakuten.ne.jp:16910" local="3457239618" remote="3457239600" Dst="-1" /><file name="paul-large-hub-p-r.html" server="ftp.rakuten.ne.jp:16910" local="3457239625" remote="3457239600" Dst="-1" /><file name="phil-bb.html" server="ftp.rakuten.ne.jp:16910" local="3457239967" remote="3457239960" Dst="-1" /><file name="phil-high-hub-b-f.html" server="ftp.rakuten.ne.jp:16910" local="3457248264" remote="3457248240" Dst="-1" /><file name="phil-high-hub-b-r.html" server="ftp.rakuten.ne.jp:16910" local="3457248304" remote="3457248300" Dst="-1" /><file name="phil-high-hub-bl-f.html" server="ftp.rakuten.ne.jp:16910" local="3457248350" remote="3457248300" Dst="-1" /><file name="phil-high-hub-gl-f.html" server="ftp.rakuten.ne.jp:16910" local="3457248428" remote="3457248420" Dst="-1" /><file name="phil-high-hub-gr-f.html" server="ftp.rakuten.ne.jp:16910" local="3457248456" remote="3457248420" Dst="-1" /><file name="phil-high-hub-p-f.html" server="ftp.rakuten.ne.jp:16910" local="3457248479" remote="3457248480" Dst="-1" /><file name="phil-high-hub-pi-f.html" server="ftp.rakuten.ne.jp:16910" local="3457248500" remote="3457248480" Dst="-1" /><file name="phil-high-hub-pr-f.html" server="ftp.rakuten.ne.jp:16910" local="3457248524" remote="3457248480" Dst="-1" /><file name="phil-high-hub-r-f.html" server="ftp.rakuten.ne.jp:16910" local="3457248543" remote="3457248540" Dst="-1" /><file name="phil-high-hub-r-r.html" server="ftp.rakuten.ne.jp:16910" local="3457248554" remote="3457248540" Dst="-1" /><file name="phil-high-hub-pr-r.html" server="ftp.rakuten.ne.jp:16910" local="3457248563" remote="3457248540" Dst="-1" /><file name="phil-high-hub-pi-r.html" server="ftp.rakuten.ne.jp:16910" local="3457248579" remote="3457248540" Dst="-1" /><file name="phil-high-hub-p-r.html" server="ftp.rakuten.ne.jp:16910" local="3457248587" remote="3457248540" Dst="-1" /><file name="phil-high-hub-gr-r.html" server="ftp.rakuten.ne.jp:16910" local="3457248597" remote="3457248540" Dst="-1" /><file name="phil-high-hub-gl-r.html" server="ftp.rakuten.ne.jp:16910" local="3457248604" remote="3457248600" Dst="-1" /><file name="phil-high-hub-bl-r.html" server="ftp.rakuten.ne.jp:16910" local="3457248614" remote="3457248600" Dst="-1" /><file name="phil-track-crank-p.html" server="ftp.rakuten.ne.jp:16910" local="3457248946" remote="3457248900" Dst="-1" /></dwsync>