<?xml version="1.0" encoding="utf-8" ?><dwsync><file name="asa_105_bk.html" server="ftp.rakuten.ne.jp:16910" local="3458372087" remote="3458372040" Dst="-1" /><file name="asa_105_wh.html" server="ftp.rakuten.ne.jp:16910" local="3458372105" remote="3458372100" Dst="-1" /><file name="as_007_bk.html" server="ftp.rakuten.ne.jp:16910" local="3458372138" remote="3458372100" Dst="-1" /><file name="as_007_red.html" server="ftp.rakuten.ne.jp:16910" local="3458372178" remote="3458372160" Dst="-1" /><file name="as_007_silver.html" server="ftp.rakuten.ne.jp:16910" local="3458372196" remote="3458372160" Dst="-1" /><file name="as_007_wh.html" server="ftp.rakuten.ne.jp:16910" local="3458372213" remote="3458372160" Dst="-1" /><file name="as_158_bk.html" server="ftp.rakuten.ne.jp:16910" local="3458372291" remote="3458372280" Dst="-1" /><file name="as_158_silver.html" server="ftp.rakuten.ne.jp:16910" local="3458372297" remote="3458372280" Dst="-1" /><file name="gc_01.html" server="ftp.rakuten.ne.jp:16910" local="3458372348" remote="3458372340" Dst="-1" /><file name="spc_612.html" server="ftp.rakuten.ne.jp:16910" local="3458372394" remote="3458372340" Dst="-1" /><file name="sp_248d_272_bk.html" server="ftp.rakuten.ne.jp:16910" local="3458372618" remote="3458372580" Dst="-1" /><file name="sp_248d_272_s.html" server="ftp.rakuten.ne.jp:16910" local="3458372516" remote="3458372460" Dst="-1" /><file name="sp_613n.html" server="ftp.rakuten.ne.jp:16910" local="3458372562" remote="3458372520" Dst="-1" /></dwsync>