<?xml version="1.0" encoding="utf-8" ?><dwsync><file name="442110.html" server="ftp.rakuten.ne.jp:16910" local="3458978539" remote="3458978520" Dst="-1" /><file name="570350_800.html" server="ftp.rakuten.ne.jp:16910" local="3458978848" remote="3458978820" Dst="-1" /><file name="570351_800.html" server="ftp.rakuten.ne.jp:16910" local="3458978916" remote="3458978880" Dst="-1" /><file name="571180_800.html" server="ftp.rakuten.ne.jp:16910" local="3458979397" remote="3458979360" Dst="-1" /><file name="571181_800.html" server="ftp.rakuten.ne.jp:16910" local="3458978998" remote="3458978940" Dst="-1" /><file name="571209.html" server="ftp.rakuten.ne.jp:16910" local="3458979106" remote="3458979060" Dst="-1" /><file name="grip_iodine.html" server="ftp.rakuten.ne.jp:16910" local="3458979138" remote="3458979120" Dst="-1" /><file name="hndl_cobalt_11f.html" server="ftp.rakuten.ne.jp:16910" local="3458979291" remote="3458979240" Dst="-1" /><file name="hndl_cobalt_11r.html" server="ftp.rakuten.ne.jp:16910" local="3458979301" remote="3458979300" Dst="-1" /><file name="hndl_cobalt_2f.html" server="ftp.rakuten.ne.jp:16910" local="3458979334" remote="3458979300" Dst="-1" /><file name="hndl_cobalt_2r.html" server="ftp.rakuten.ne.jp:16910" local="3458979353" remote="3458979300" Dst="-1" /><file name="hndl_cobalt_3f.html" server="ftp.rakuten.ne.jp:16910" local="3458979365" remote="3458979360" Dst="-1" /><file name="hndl_cobalt_3r.html" server="ftp.rakuten.ne.jp:16910" local="3458979379" remote="3458979360" Dst="-1" /><file name="hndl_iodine_11.html" server="ftp.rakuten.ne.jp:16910" local="3458980542" remote="3458980500" Dst="-1" /><file name="hndl_iodine_2.html" server="ftp.rakuten.ne.jp:16910" local="3458980542" remote="3458980500" Dst="-1" /><file name="hndl_iodine_2fr.html" server="ftp.rakuten.ne.jp:16910" local="3458979504" remote="3458979480" Dst="-1" /><file name="hndl_iodine_3.html" server="ftp.rakuten.ne.jp:16910" local="3458979551" remote="3458979540" Dst="-1" /><file name="hndl_iodine_3dh.html" server="ftp.rakuten.ne.jp:16910" local="3458979564" remote="3458979540" Dst="-1" /><file name="pdl_5050_r.html" server="ftp.rakuten.ne.jp:16910" local="3458979934" remote="3458979900" Dst="-1" /><file name="pdl_5050_s.html" server="ftp.rakuten.ne.jp:16910" local="3458979960" remote="3458979960" Dst="-1" /><file name="pdl_candy_1.html" server="ftp.rakuten.ne.jp:16910" local="3458980541" remote="3458980500" Dst="-1" /><file name="pdl_dhrace.html" server="ftp.rakuten.ne.jp:16910" local="3458980268" remote="3458980260" Dst="-1" /><file name="pdl_mallet_1.html" server="ftp.rakuten.ne.jp:16910" local="3458980537" remote="3458980500" Dst="-1" /><file name="pdl_eggbeater_3.html" server="ftp.rakuten.ne.jp:16910" local="3458980539" remote="3458980500" Dst="-1" /><file name="pdl_eggbeater_2.html" server="ftp.rakuten.ne.jp:16910" local="3458980539" remote="3458980500" Dst="-1" /><file name="pdl_eggbeater_11.html" server="ftp.rakuten.ne.jp:16910" local="3458980539" remote="3458980500" Dst="-1" /><file name="pdl_eggbeater-1.html" server="ftp.rakuten.ne.jp:16910" local="3458980540" remote="3458980500" Dst="-1" /><file name="pdl_candy_3.html" server="ftp.rakuten.ne.jp:16910" local="3458980540" remote="3458980500" Dst="-1" /><file name="pdl_candy_2.html" server="ftp.rakuten.ne.jp:16910" local="3458980541" remote="3458980500" Dst="-1" /><file name="pdl_candy_11.html" server="ftp.rakuten.ne.jp:16910" local="3458980767" remote="3458980740" Dst="-1" /><file name="sp_cobalt3.html" server="ftp.rakuten.ne.jp:16910" local="3458980767" remote="3458980740" Dst="-1" /><file name="sp_cobalt2.html" server="ftp.rakuten.ne.jp:16910" local="3458980768" remote="3458980740" Dst="-1" /><file name="sp_cobalt11.html" server="ftp.rakuten.ne.jp:16910" local="3458980768" remote="3458980740" Dst="-1" /><file name="pdl_mallet_3.html" server="ftp.rakuten.ne.jp:16910" local="3458980768" remote="3458980740" Dst="-1" /><file name="pdl_mallet_2.html" server="ftp.rakuten.ne.jp:16910" local="3458980769" remote="3458980740" Dst="-1" /></dwsync>