<?xml version="1.0" encoding="utf-8" ?><dwsync><file name="c2_gelflow_black.html" server="ftp.rakuten.ne.jp:16910" local="3458174240" remote="3458174220" Dst="-1" /><file name="c2_genuinegel_black.html" server="ftp.rakuten.ne.jp:16910" local="3458174273" remote="3458174220" Dst="-1" /><file name="cx_zero_teknologika.html" server="ftp.rakuten.ne.jp:16910" local="3458174310" remote="3458174280" Dst="-1" /><file name="flitegelflow_black.html" server="ftp.rakuten.ne.jp:16910" local="3458174364" remote="3458174340" Dst="-1" /><file name="flitegelflow_njs_bk.html" server="ftp.rakuten.ne.jp:16910" local="3458174387" remote="3458174340" Dst="-1" /><file name="flitegelflow_wite.html" server="ftp.rakuten.ne.jp:16910" local="3458174413" remote="3458174400" Dst="-1" /><file name="flite_1990_bk_1.html" server="ftp.rakuten.ne.jp:16910" local="3458174459" remote="3458174400" Dst="-1" /><file name="flite_bk_2013.html" server="ftp.rakuten.ne.jp:16910" local="3458174494" remote="3458174460" Dst="-1" /><file name="flite_flow_wh.html" server="ftp.rakuten.ne.jp:16910" local="3458174535" remote="3458174520" Dst="-1" /><file name="flite_gel_flow_njs_red.html" server="ftp.rakuten.ne.jp:16910" local="3458174606" remote="3458174580" Dst="-1" /><file name="flite_gel_flow_red.html" server="ftp.rakuten.ne.jp:16910" local="3458174619" remote="3458174580" Dst="-1" /><file name="flite_team_edition_2013.html" server="ftp.rakuten.ne.jp:16910" local="3458174647" remote="3458174640" Dst="-1" /><file name="max_sls_flow.html" server="ftp.rakuten.ne.jp:16910" local="3458174699" remote="3458174700" Dst="-1" /><file name="q_bike.html" server="ftp.rakuten.ne.jp:16910" local="3458174750" remote="3458174700" Dst="-1" /><file name="slr_flow_bk_1.html" server="ftp.rakuten.ne.jp:16910" local="3458174809" remote="3458174760" Dst="-1" /><file name="slr_flow_team_edition.html" server="ftp.rakuten.ne.jp:16910" local="3458174907" remote="3458174880" Dst="-1" /><file name="slr_super_flow_130_1.html" server="ftp.rakuten.ne.jp:16910" local="3458174935" remote="3458174880" Dst="-1" /><file name="slr_super_flow_145.html" server="ftp.rakuten.ne.jp:16910" local="3458174956" remote="3458174940" Dst="-1" /><file name="slr_team_edition_1.html" server="ftp.rakuten.ne.jp:16910" local="3458174990" remote="3458174940" Dst="-1" /><file name="slr_tt_bk.html" server="ftp.rakuten.ne.jp:16910" local="3458175036" remote="3458175000" Dst="-1" /><file name="sls_kit_carbonio.html" server="ftp.rakuten.ne.jp:16910" local="3458175086" remote="3458175060" Dst="-1" /><file name="smootape_bk.html" server="ftp.rakuten.ne.jp:16910" local="3458175176" remote="3458175120" Dst="-1" /><file name="turbo_bk.html" server="ftp.rakuten.ne.jp:16910" local="3458360566" remote="3458360520" Dst="-1" /><file name="turbo_br.html" server="ftp.rakuten.ne.jp:16910" local="3458360573" remote="3458360520" Dst="-1" /></dwsync>