<?xml version="1.0" encoding="utf-8" ?><dwsync><file name="hndl_scforce.html" server="ftp.rakuten.ne.jp:16910" local="3459009971" remote="3459009960" Dst="-1" /><file name="acckcnc_valvecap.html" server="ftp.rakuten.ne.jp:16910" local="3459011743" remote="3459011700" Dst="-1" /><file name="stm_tipro.html" server="ftp.rakuten.ne.jp:16910" local="3459011744" remote="3459011700" Dst="-1" /><file name="stm_teamissue.html" server="ftp.rakuten.ne.jp:16910" local="3459011745" remote="3459011700" Dst="-1" /><file name="stm_scwing.html" server="ftp.rakuten.ne.jp:16910" local="3459011745" remote="3459011700" Dst="-1" /><file name="stm_freeride.html" server="ftp.rakuten.ne.jp:16910" local="3459011746" remote="3459011700" Dst="-1" /><file name="stm_flyride.html" server="ftp.rakuten.ne.jp:16910" local="3459011746" remote="3459011700" Dst="-1" /><file name="stm_dhpro.html" server="ftp.rakuten.ne.jp:16910" local="3459011747" remote="3459011700" Dst="-1" /><file name="stm_b34.html" server="ftp.rakuten.ne.jp:16910" local="3459011747" remote="3459011700" Dst="-1" /><file name="stm_b33.html" server="ftp.rakuten.ne.jp:16910" local="3459011748" remote="3459011700" Dst="-1" /><file name="sp_tiprolight.html" server="ftp.rakuten.ne.jp:16910" local="3459011748" remote="3459011700" Dst="-1" /><file name="sp_seatpostgrip.html" server="ftp.rakuten.ne.jp:16910" local="3459011749" remote="3459011700" Dst="-1" /><file name="sp_scprolite.html" server="ftp.rakuten.ne.jp:16910" local="3459011749" remote="3459011700" Dst="-1" /><file name="sp_sc13.html" server="ftp.rakuten.ne.jp:16910" local="3459011750" remote="3459011700" Dst="-1" /><file name="sp_roadpro.html" server="ftp.rakuten.ne.jp:16910" local="3459011750" remote="3459011700" Dst="-1" /><file name="sp_roadlight.html" server="ftp.rakuten.ne.jp:16910" local="3459011750" remote="3459011700" Dst="-1" /><file name="sp_mtbsc12.html" server="ftp.rakuten.ne.jp:16910" local="3459011751" remote="3459011700" Dst="-1" /><file name="sp_mtbsc11.html" server="ftp.rakuten.ne.jp:16910" local="3459011751" remote="3459011700" Dst="-1" /><file name="sp_mtbsc10.html" server="ftp.rakuten.ne.jp:16910" local="3459011752" remote="3459011700" Dst="-1" /><file name="sp_litewing.html" server="ftp.rakuten.ne.jp:16910" local="3459011752" remote="3459011700" Dst="-1" /><file name="pdl_knife_ti.html" server="ftp.rakuten.ne.jp:16910" local="3459011753" remote="3459011700" Dst="-1" /><file name="pdl_knife_ss.html" server="ftp.rakuten.ne.jp:16910" local="3459011753" remote="3459011700" Dst="-1" /><file name="hndl_rampantriser.html" server="ftp.rakuten.ne.jp:16910" local="3459011754" remote="3459011700" Dst="-1" /><file name="hndl_rampant8.html" server="ftp.rakuten.ne.jp:16910" local="3459011754" remote="3459011700" Dst="-1" /><file name="hndl_rampant10.html" server="ftp.rakuten.ne.jp:16910" local="3459011754" remote="3459011700" Dst="-1" /><file name="hndl_purecurve318.html" server="ftp.rakuten.ne.jp:16910" local="3459011755" remote="3459011700" Dst="-1" /><file name="hndl_purecurve260.html" server="ftp.rakuten.ne.jp:16910" local="3459011755" remote="3459011700" Dst="-1" /><file name="hndl_darksideriser.html" server="ftp.rakuten.ne.jp:16910" local="3459011756" remote="3459011700" Dst="-1" /><file name="hndl_darkside8.html" server="ftp.rakuten.ne.jp:16910" local="3459011756" remote="3459011700" Dst="-1" /><file name="hndl_darkside10.html" server="ftp.rakuten.ne.jp:16910" local="3459011757" remote="3459011700" Dst="-1" /><file name="hndl_boneriser.html" server="ftp.rakuten.ne.jp:16910" local="3459011757" remote="3459011700" Dst="-1" /><file name="hndl_bone8.html" server="ftp.rakuten.ne.jp:16910" local="3459011758" remote="3459011700" Dst="-1" /><file name="hndl_bone29er.html" server="ftp.rakuten.ne.jp:16910" local="3459011758" remote="3459011700" Dst="-1" /><file name="hndl_bone10.html" server="ftp.rakuten.ne.jp:16910" local="3459011759" remote="3459011700" Dst="-1" /><file name="hdst_sls_set.html" server="ftp.rakuten.ne.jp:16910" local="3459011759" remote="3459011700" Dst="-1" /><file name="hdst_slcap.html" server="ftp.rakuten.ne.jp:16910" local="3459011760" remote="3459011760" Dst="-1" /><file name="hdst_sl_2-8.html" server="ftp.rakuten.ne.jp:16910" local="3459011760" remote="3459011760" Dst="-1" /><file name="hdst_sl_10-20.html" server="ftp.rakuten.ne.jp:16910" local="3459011760" remote="3459011760" Dst="-1" /><file name="hdst_s3.html" server="ftp.rakuten.ne.jp:16910" local="3459011761" remote="3459011760" Dst="-1" /><file name="hdst_s2.html" server="ftp.rakuten.ne.jp:16910" local="3459011761" remote="3459011760" Dst="-1" /><file name="hdst_s1.html" server="ftp.rakuten.ne.jp:16910" local="3459011762" remote="3459011760" Dst="-1" /><file name="hdst_q1.html" server="ftp.rakuten.ne.jp:16910" local="3459011762" remote="3459011760" Dst="-1" /><file name="hdst_kr3.html" server="ftp.rakuten.ne.jp:16910" local="3459011763" remote="3459011760" Dst="-1" /><file name="hdst_kr2.html" server="ftp.rakuten.ne.jp:16910" local="3459011763" remote="3459011760" Dst="-1" /><file name="hdst_kr1_taper.html" server="ftp.rakuten.ne.jp:16910" local="3459011764" remote="3459011760" Dst="-1" /><file name="hdst_kr1.html" server="ftp.rakuten.ne.jp:16910" local="3459011764" remote="3459011760" Dst="-1" /><file name="hdst_km3.html" server="ftp.rakuten.ne.jp:16910" local="3459011764" remote="3459011760" Dst="-1" /><file name="hdst_km2.html" server="ftp.rakuten.ne.jp:16910" local="3459011765" remote="3459011760" Dst="-1" /><file name="hdst_km1.html" server="ftp.rakuten.ne.jp:16910" local="3459011765" remote="3459011760" Dst="-1" /><file name="hdst_khs-pt1860.html" server="ftp.rakuten.ne.jp:16910" local="3459011766" remote="3459011760" Dst="-1" /><file name="hdst_khs-f13.html" server="ftp.rakuten.ne.jp:16910" local="3459011766" remote="3459011760" Dst="-1" /><file name="hdst_khs-f10.html" server="ftp.rakuten.ne.jp:16910" local="3459011767" remote="3459011760" Dst="-1" /><file name="hdst_kcnc_2-8.html" server="ftp.rakuten.ne.jp:16910" local="3459011767" remote="3459011760" Dst="-1" /><file name="hdst_kcnc_10-20.html" server="ftp.rakuten.ne.jp:16910" local="3459011768" remote="3459011760" Dst="-1" /><file name="hdst_aheadcap.html" server="ftp.rakuten.ne.jp:16910" local="3459011768" remote="3459011760" Dst="-1" /><file name="grip_eva.html" server="ftp.rakuten.ne.jp:16910" local="3459011769" remote="3459011760" Dst="-1" /><file name="crnk_tk1.html" server="ftp.rakuten.ne.jp:16910" local="3459011769" remote="3459011760" Dst="-1" /><file name="crnk_extractor.html" server="ftp.rakuten.ne.jp:16910" local="3459011770" remote="3459011760" Dst="-1" /><file name="cadac-k1.html" server="ftp.rakuten.ne.jp:16910" local="3459011770" remote="3459011760" Dst="-1" /><file name="brk_teflon17.html" server="ftp.rakuten.ne.jp:16910" local="3459011770" remote="3459011760" Dst="-1" /><file name="brk_kcnc_wire.html" server="ftp.rakuten.ne.jp:16910" local="3459011771" remote="3459011760" Dst="-1" /><file name="brk_kcnc_tt.html" server="ftp.rakuten.ne.jp:16910" local="3459011771" remote="3459011760" Dst="-1" /><file name="brk_kcnc_tiwire.html" server="ftp.rakuten.ne.jp:16910" local="3459011772" remote="3459011760" Dst="-1" /><file name="brk_kcnc_carbon.html" server="ftp.rakuten.ne.jp:16910" local="3459011772" remote="3459011760" Dst="-1" /><file name="brk_feproad34.html" server="ftp.rakuten.ne.jp:16910" local="3459011773" remote="3459011760" Dst="-1" /><file name="brk_feproad17.html" server="ftp.rakuten.ne.jp:16910" local="3459011773" remote="3459011760" Dst="-1" /><file name="brk_fepmtb_34.html" server="ftp.rakuten.ne.jp:16910" local="3459011774" remote="3459011760" Dst="-1" /><file name="brk_fepmtb17.html" server="ftp.rakuten.ne.jp:16910" local="3459011774" remote="3459011760" Dst="-1" /><file name="brk_diateflon17.html" server="ftp.rakuten.ne.jp:16910" local="3459011774" remote="3459011760" Dst="-1" /><file name="brk_cb7.html" server="ftp.rakuten.ne.jp:16910" local="3459011775" remote="3459011760" Dst="-1" /><file name="brk_cb6.html" server="ftp.rakuten.ne.jp:16910" local="3459011775" remote="3459011760" Dst="-1" /><file name="brk_cb1.html" server="ftp.rakuten.ne.jp:16910" local="3459011776" remote="3459011760" Dst="-1" /></dwsync>