<?xml version="1.0" encoding="utf-8" ?><dwsync><file name="leaderbike-complete-725tr-white.html" server="ftp.rakuten.ne.jp:16910" local="3457024093" remote="3457024080" Dst="-1" /><file name="leaderbike-complete-721tr-black.html" server="ftp.rakuten.ne.jp:16910" local="3457023627" remote="3457023600" Dst="-1" /><file name="leaderbike-complete-721tr-white.html" server="ftp.rakuten.ne.jp:16910" local="3457023627" remote="3457023600" Dst="-1" /><file name="leaderbike-complete-725tr-black.html" server="ftp.rakuten.ne.jp:16910" local="3457023628" remote="3457023600" Dst="-1" /><file name="leaderbike-complete-735tr-black.html" server="ftp.rakuten.ne.jp:16910" local="3457023642" remote="3457023600" Dst="-1" /><file name="leaderbike-complete-735tr-white.html" server="ftp.rakuten.ne.jp:16910" local="3457023642" remote="3457023600" Dst="-1" /><file name="fyxaion-comet-b.html" server="ftp.rakuten.ne.jp:16910" local="3457023918" remote="3457023900" Dst="-1" /><file name="fyxaion-pursuit-b.html" server="ftp.rakuten.ne.jp:16910" local="3457024132" remote="3457024080" Dst="-1" /><file name="leaderbike-crank-corsa-b.html" server="ftp.rakuten.ne.jp:16910" local="3457024291" remote="3457024260" Dst="-1" /><file name="leaderbike-fork-i06tr-g.html" server="ftp.rakuten.ne.jp:16910" local="3457024403" remote="3457024380" Dst="-1" /><file name="leaderbike-fork-i806tr-g.html" server="ftp.rakuten.ne.jp:16910" local="3457024435" remote="3457024380" Dst="-1" /><file name="leaderbike-fork-i806a-b.html" server="ftp.rakuten.ne.jp:16910" local="3457024474" remote="3457024440" Dst="-1" /><file name="leaderbike-fork-s805-g.html" server="ftp.rakuten.ne.jp:16910" local="3457024530" remote="3457024500" Dst="-1" /><file name="leaderbike-fork-s803-b.html" server="ftp.rakuten.ne.jp:16910" local="3457024554" remote="3457024500" Dst="-1" /><file name="leaderbike-frame-722ts-b.html" server="ftp.rakuten.ne.jp:16910" local="3457024666" remote="3457024620" Dst="-1" /><file name="leaderbike-frame-725tr-b.html" server="ftp.rakuten.ne.jp:16910" local="3457024716" remote="3457024680" Dst="-1" /><file name="leaderbike-frame-735tr-b.html" server="ftp.rakuten.ne.jp:16910" local="3457024748" remote="3457024740" Dst="-1" /><file name="leaderbike-handle-downtown-b.html" server="ftp.rakuten.ne.jp:16910" local="3457027300" remote="3457027260" Dst="-1" /><file name="leaderbike-handle-neigborhood-b.html" server="ftp.rakuten.ne.jp:16910" local="3457024974" remote="3457024920" Dst="-1" /><file name="leaderbike-handle-saber-b.html" server="ftp.rakuten.ne.jp:16910" local="3457025023" remote="3457024980" Dst="-1" /><file name="leaderbike-handle-uptown-b.html" server="ftp.rakuten.ne.jp:16910" local="3457025056" remote="3457025040" Dst="-1" /><file name="leaderbike-complete-kagero-pp.html" server="ftp.rakuten.ne.jp:16910" local="3457025927" remote="3457025880" Dst="-1" /><file name="leaderbike-complete-722lo-black.html" server="ftp.rakuten.ne.jp:16910" local="3457026323" remote="3457026300" Dst="-1" /><file name="leaderbike-frame-heritage-b.html" server="ftp.rakuten.ne.jp:16910" local="3457026315" remote="3457026300" Dst="-1" /><file name="leaderbike-frame-hurricane-b.html" server="ftp.rakuten.ne.jp:16910" local="3457026834" remote="3457026780" Dst="-1" /><file name="leaderbike-frame-pharaoh-b.html" server="ftp.rakuten.ne.jp:16910" local="3457026919" remote="3457026900" Dst="-1" /><file name="leaderbike-saddle-cosmic-b.html" server="ftp.rakuten.ne.jp:16910" local="3457027026" remote="3457027020" Dst="-1" /><file name="leaderbike-saddle-mordecai-b.html" server="ftp.rakuten.ne.jp:16910" local="3457027050" remote="3457027020" Dst="-1" /><file name="leaderbike-seatpost-scpa1.html" server="ftp.rakuten.ne.jp:16910" local="3457027130" remote="3457027080" Dst="-1" /><file name="leaderbike-stem-3dpista.html" server="ftp.rakuten.ne.jp:16910" local="3457027263" remote="3457027260" Dst="-1" /><file name="leaderbike-stem-shield.html" server="ftp.rakuten.ne.jp:16910" local="3457027288" remote="3457027260" Dst="-1" /><file name="leaderbike-fork-i806tr-m.html" server="ftp.rakuten.ne.jp:16910" local="3457172727" remote="3457172700" Dst="-1" /><file name="brotures-crank-allday-b.html" server="ftp.rakuten.ne.jp:16910" local="3457191062" remote="3457191060" Dst="-1" /><file name="brotures-wheel-b-f.html" server="ftp.rakuten.ne.jp:16910" local="3457174676" remote="3457174620" Dst="-1" /><file name="brotures-handle-carbon.html" server="ftp.rakuten.ne.jp:16910" local="3457174670" remote="3457174620" Dst="-1" /><file name="brotures-el-clasico-b-f.html" server="ftp.rakuten.ne.jp:16910" local="3457174780" remote="3457174740" Dst="-1" /><file name="brotures-limited-hub-b-f.html" server="ftp.rakuten.ne.jp:16910" local="3457174876" remote="3457174860" Dst="-1" /><file name="brotures-limited-hub-b-r.html" server="ftp.rakuten.ne.jp:16910" local="3457174865" remote="3457174860" Dst="-1" /><file name="brotures-pedal-strap.html" server="ftp.rakuten.ne.jp:16910" local="3457174917" remote="3457174860" Dst="-1" /><file name="brotures-strap.html" server="ftp.rakuten.ne.jp:16910" local="3457174940" remote="3457174920" Dst="-1" /><file name="brotures-phil-bb.html" server="ftp.rakuten.ne.jp:16910" local="3457174982" remote="3457174980" Dst="-1" /><file name="brotures-rip-b.html" server="ftp.rakuten.ne.jp:16910" local="3457175055" remote="3457175040" Dst="-1" /><file name="brotures-shred-50-f.html" server="ftp.rakuten.ne.jp:16910" local="3457175197" remote="3457175160" Dst="-1" /><file name="brotures-shred-50-r.html" server="ftp.rakuten.ne.jp:16910" local="3457175212" remote="3457175160" Dst="-1" /><file name="brotures-shred-f.html" server="ftp.rakuten.ne.jp:16910" local="3457188561" remote="3457188540" Dst="-1" /><file name="brotures-shred-r.html" server="ftp.rakuten.ne.jp:16910" local="3457175254" remote="3457175220" Dst="-1" /><file name="brotures-shred-set.html" server="ftp.rakuten.ne.jp:16910" local="3457175385" remote="3457175340" Dst="-1" /><file name="brotures-shred-50-set.html" server="ftp.rakuten.ne.jp:16910" local="3457175391" remote="3457175340" Dst="-1" /><file name="blb-notorious03-f.html" server="ftp.rakuten.ne.jp:16910" local="3457175534" remote="3457175520" Dst="-1" /><file name="blb-notorious05-f.html" server="ftp.rakuten.ne.jp:16910" local="3457175575" remote="3457175520" Dst="-1" /><file name="blb-notorious50.html" server="ftp.rakuten.ne.jp:16910" local="3457175670" remote="3457175640" Dst="-1" /><file name="blb-notorious90.html" server="ftp.rakuten.ne.jp:16910" local="3457175692" remote="3457175640" Dst="-1" /><file name="blb-pista-b.html" server="ftp.rakuten.ne.jp:16910" local="3457175941" remote="3457175940" Dst="-1" /><file name="blb-track.html" server="ftp.rakuten.ne.jp:16910" local="3457176014" remote="3457176000" Dst="-1" /><file name="blb-carbon-aero.html" server="ftp.rakuten.ne.jp:16910" local="3457176094" remote="3457176060" Dst="-1" /><file name="blb-roadrat-b.html" server="ftp.rakuten.ne.jp:16910" local="3457176144" remote="3457176120" Dst="-1" /><file name="blb-ahead-stem.html" server="ftp.rakuten.ne.jp:16910" local="3457176182" remote="3457176180" Dst="-1" /><file name="blb-carbon-seatpost.html" server="ftp.rakuten.ne.jp:16910" local="3457176217" remote="3457176180" Dst="-1" /><file name="blb-alloy-seatpost.html" server="ftp.rakuten.ne.jp:16910" local="3457176235" remote="3457176180" Dst="-1" /><file name="aerospoke-natural-f.html" server="ftp.rakuten.ne.jp:16910" local="3457187919" remote="3457187880" Dst="-1" /><file name="aerospoke-natural-r.html" server="ftp.rakuten.ne.jp:16910" local="3457187925" remote="3457187880" Dst="-1" /><file name="create-9th-r_p.html" server="ftp.rakuten.ne.jp:16910" local="3457188464" remote="3457188420" Dst="-1" /><file name="deda-pista-b.html" server="ftp.rakuten.ne.jp:16910" local="3457188614" remote="3457188600" Dst="-1" /><file name="deda-crono-bull.html" server="ftp.rakuten.ne.jp:16910" local="3457188866" remote="3457188840" Dst="-1" /><file name="deda-crono-team.html" server="ftp.rakuten.ne.jp:16910" local="3457188898" remote="3457188840" Dst="-1" /><file name="deda-streetissimo-b.html" server="ftp.rakuten.ne.jp:16910" local="3457189339" remote="3457189320" Dst="-1" /><file name="deda-dabar.html" server="ftp.rakuten.ne.jp:16910" local="3457189398" remote="3457189380" Dst="-1" /><file name="deda-condor.html" server="ftp.rakuten.ne.jp:16910" local="3457189464" remote="3457189440" Dst="-1" /><file name="deda-stem-zero100pista.html" server="ftp.rakuten.ne.jp:16910" local="3457189565" remote="3457189560" Dst="-1" /><file name="deda-stem-zero100sc-b.html" server="ftp.rakuten.ne.jp:16910" local="3457189668" remote="3457189620" Dst="-1" /><file name="deda-stem-quattro2-b.html" server="ftp.rakuten.ne.jp:16910" local="3457189695" remote="3457189680" Dst="-1" /><file name="deda-stem-zeronero-b.html" server="ftp.rakuten.ne.jp:16910" local="3457189720" remote="3457189680" Dst="-1" /><file name="deda-stem-zero1-b.html" server="ftp.rakuten.ne.jp:16910" local="3457189753" remote="3457189740" Dst="-1" /><file name="deda-stem-superleggero.html" server="ftp.rakuten.ne.jp:16910" local="3457189803" remote="3457189800" Dst="-1" /><file name="deda-stem-cortissimo-b.html" server="ftp.rakuten.ne.jp:16910" local="3457189835" remote="3457189800" Dst="-1" /><file name="deda-seatpost-zero100-b.html" server="ftp.rakuten.ne.jp:16910" local="3457189894" remote="3457189860" Dst="-1" /><file name="deda-seatpost-rsx01-b.html" server="ftp.rakuten.ne.jp:16910" local="3457189976" remote="3457189920" Dst="-1" /><file name="dosno-detroit2.html" server="ftp.rakuten.ne.jp:16910" local="3457190173" remote="3457190160" Dst="-1" /><file name="dosno-montecarlo.html" server="ftp.rakuten.ne.jp:16910" local="3457190564" remote="3457190520" Dst="-1" /><file name="dosno-houston.html" server="ftp.rakuten.ne.jp:16910" local="3457190563" remote="3457190520" Dst="-1" /><file name="dosno-tokyo.html" server="ftp.rakuten.ne.jp:16910" local="3457190564" remote="3457190520" Dst="-1" /><file name="easton-ec90-trackbar.html" server="ftp.rakuten.ne.jp:16910" local="3457190648" remote="3457190640" Dst="-1" /><file name="eithghinch-julian-b.html" server="ftp.rakuten.ne.jp:16910" local="3457190831" remote="3457190820" Dst="-1" /><file name="eithghinch-crank-b.html" server="ftp.rakuten.ne.jp:16910" local="3457191076" remote="3457191060" Dst="-1" /><file name="fizik-arione-kium-std.html" server="ftp.rakuten.ne.jp:16910" local="3457191291" remote="3457191240" Dst="-1" /><file name="fizik-arione-versus.html" server="ftp.rakuten.ne.jp:16910" local="3457191532" remote="3457191480" Dst="-1" /><file name="fizik-arione-cx-kium.html" server="ftp.rakuten.ne.jp:16910" local="3457191661" remote="3457191660" Dst="-1" /><file name="hps-archetype-b.html" server="ftp.rakuten.ne.jp:16910" local="3457191841" remote="3457191840" Dst="-1" /><file name="hps-eero-b.html" server="ftp.rakuten.ne.jp:16910" local="3457191879" remote="3457191840" Dst="-1" /><file name="hps-sl42-b.html" server="ftp.rakuten.ne.jp:16910" local="3457191939" remote="3457191900" Dst="-1" /><file name="haro-object-b.html" server="ftp.rakuten.ne.jp:16910" local="3457193538" remote="3457193520" Dst="-1" /><file name="haro-project-b.html" server="ftp.rakuten.ne.jp:16910" local="3457193651" remote="3457193640" Dst="-1" /><file name="nitto-b201aa-r.html" server="ftp.rakuten.ne.jp:16910" local="3457193748" remote="3457193700" Dst="-1" /><file name="nitto-rb021-b.html" server="ftp.rakuten.ne.jp:16910" local="3457193836" remote="3457193820" Dst="-1" /><file name="nitto-b123aa-b.html" server="ftp.rakuten.ne.jp:16910" local="3457193935" remote="3457193880" Dst="-1" /><file name="paul-crank-b.html" server="ftp.rakuten.ne.jp:16910" local="3457194128" remote="3457194120" Dst="-1" /><file name="paul-large-hub-b-f.html" server="ftp.rakuten.ne.jp:16910" local="3457194267" remote="3457194240" Dst="-1" /><file name="paul-large-hub-b-r.html" server="ftp.rakuten.ne.jp:16910" local="3457194302" remote="3457194300" Dst="-1" /><file name="paul-elever-l.html" server="ftp.rakuten.ne.jp:16910" local="3457194383" remote="3457194360" Dst="-1" /><file name="phil-bb.html" server="ftp.rakuten.ne.jp:16910" local="3457194944" remote="3457194900" Dst="-1" /><file name="phil-high-hub-b-f.html" server="ftp.rakuten.ne.jp:16910" local="3457195122" remote="3457195080" Dst="-1" /><file name="phil-high-hub-b-r.html" server="ftp.rakuten.ne.jp:16910" local="3457195130" remote="3457195080" Dst="-1" /><file name="sm-rolls-b.html" server="ftp.rakuten.ne.jp:16910" local="3457195360" remote="3457195320" Dst="-1" /><file name="sm-rolls-ti-b.html" server="ftp.rakuten.ne.jp:16910" local="3457195400" remote="3457195380" Dst="-1" /><file name="sm-concor-b.html" server="ftp.rakuten.ne.jp:16910" local="3457195545" remote="3457195500" Dst="-1" /><file name="sm-concor-racing-b.html" server="ftp.rakuten.ne.jp:16910" local="3457195593" remote="3457195560" Dst="-1" /><file name="sm-concor-racing-carbonfx-b.html" server="ftp.rakuten.ne.jp:16910" local="3457195630" remote="3457195620" Dst="-1" /><file name="sdg-dusterrl-ti-b.html" server="ftp.rakuten.ne.jp:16910" local="3457195877" remote="3457195860" Dst="-1" /><file name="sdg-dusterrl-b.html" server="ftp.rakuten.ne.jp:16910" local="3457195870" remote="3457195860" Dst="-1" /><file name="sdg-patriot-b.html" server="ftp.rakuten.ne.jp:16910" local="3457195895" remote="3457195860" Dst="-1" /><file name="se-draftlite-b.html" server="ftp.rakuten.ne.jp:16910" local="3457196300" remote="3457196280" Dst="-1" /><file name="se-lagar-b.html" server="ftp.rakuten.ne.jp:16910" local="3457196301" remote="3457196280" Dst="-1" /><file name="se-primetime.html" server="ftp.rakuten.ne.jp:16910" local="3457196515" remote="3457196460" Dst="-1" /><file name="tmsn-carbon-road.html" server="ftp.rakuten.ne.jp:16910" local="3457196683" remote="3457196640" Dst="-1" /><file name="tmsn-carbon-cyclo.html" server="ftp.rakuten.ne.jp:16910" local="3457196719" remote="3457196700" Dst="-1" /><file name="tmsn-elite-x4-b.html" server="ftp.rakuten.ne.jp:16910" local="3457196804" remote="3457196760" Dst="-1" /><file name="tmsn-elite-x2-b.html" server="ftp.rakuten.ne.jp:16910" local="3457196846" remote="3457196820" Dst="-1" /><file name="tmsn-elite-x2-254-b.html" server="ftp.rakuten.ne.jp:16910" local="3457196892" remote="3457196880" Dst="-1" /><file name="tmsn-seatpost-elite-b.html" server="ftp.rakuten.ne.jp:16910" local="3457196944" remote="3457196940" Dst="-1" /><file name="tmsn-seatpost-setback-b.html" server="ftp.rakuten.ne.jp:16910" local="3457197001" remote="3457197000" Dst="-1" /><file name="tmsn-cap-bl.html" server="ftp.rakuten.ne.jp:16910" local="3457197060" remote="3457197060" Dst="-1" /><file name="phil-track-crank-b.html" server="ftp.rakuten.ne.jp:16910" local="3457248888" remote="3457248840" Dst="-1" /><file name="phil-track-crank-p.html" server="ftp.rakuten.ne.jp:16910" local="3457248897" remote="3457248840" Dst="-1" /></dwsync>