<?xml version="1.0" encoding="utf-8" ?><dwsync><file name="pisthub_32h_black.html" server="ftp.rakuten.ne.jp:16910" local="3458111977" remote="3458111940" Dst="-1" /><file name="pisthub_32h_silver.html" server="ftp.rakuten.ne.jp:16910" local="3458112005" remote="3458112000" Dst="-1" /><file name="pisthub_36h_silver.html" server="ftp.rakuten.ne.jp:16910" local="3458112029" remote="3458112000" Dst="-1" /><file name="pisthub_36h_black.html" server="ftp.rakuten.ne.jp:16910" local="3458112045" remote="3458112000" Dst="-1" /><file name="pist_sieldhub_32h.html" server="ftp.rakuten.ne.jp:16910" local="3458112213" remote="3458112180" Dst="-1" /><file name="pist_sieldhub_36h.html" server="ftp.rakuten.ne.jp:16910" local="3458112222" remote="3458112180" Dst="-1" /><file name="pisthub_blue.html" server="ftp.rakuten.ne.jp:16910" local="3458112305" remote="3458112300" Dst="-1" /><file name="pisthub_red.html" server="ftp.rakuten.ne.jp:16910" local="3458112329" remote="3458112300" Dst="-1" /><file name="pisthub_gold.html" server="ftp.rakuten.ne.jp:16910" local="3458112349" remote="3458112300" Dst="-1" /><file name="pisthub_green.html" server="ftp.rakuten.ne.jp:16910" local="3458112384" remote="3458112360" Dst="-1" /><file name="pisthub_orange.html" server="ftp.rakuten.ne.jp:16910" local="3458112404" remote="3458112360" Dst="-1" /><file name="pisthub_pblue.html" server="ftp.rakuten.ne.jp:16910" local="3458112443" remote="3458112420" Dst="-1" /><file name="pisthub_white.html" server="ftp.rakuten.ne.jp:16910" local="3458112462" remote="3458112420" Dst="-1" /><file name="pisthub_yellow.html" server="ftp.rakuten.ne.jp:16910" local="3458112482" remote="3458112480" Dst="-1" /><file name="18t_gear_ring.html" server="ftp.rakuten.ne.jp:16910" local="3458112542" remote="3458112540" Dst="-1" /></dwsync>