<?xml version="1.0" encoding="utf-8" ?><dwsync><file name="matte-f.html" server="ftp.rakuten.ne.jp:16910//" local="3466042933" remote="602112512360744988" Dst="-1" /><file name="natural-r.html" server="ftp.rakuten.ne.jp:16910//" local="3466042905" remote="-4611698487554963428" Dst="-1" /><file name="w-f.html" server="ftp.rakuten.ne.jp:16910//" local="3466042905" remote="-4611698487554963428" Dst="-1" /><file name="matte-r.html" server="ftp.rakuten.ne.jp:16910//" local="3466042905" remote="-4611698487554963428" Dst="-1" /><file name="w-r.html" server="ftp.rakuten.ne.jp:16910//" local="3466042905" remote="-4611698487554963428" Dst="-1" /><file name="natural-f.html" server="ftp.rakuten.ne.jp:16910//" local="3466042905" remote="-4611698487554963428" Dst="-1" /><file name="w-f.html" server="ftp.rakuten.ne.jp:16910" local="3466313235" remote="7761280516" Dst="-1" /><file name="natural-r.html" server="ftp.rakuten.ne.jp:16910" local="3466313241" remote="7761280516" Dst="-1" /><file name="natural-f.html" server="ftp.rakuten.ne.jp:16910" local="3466313243" remote="7761280516" Dst="-1" /><file name="matte-r.html" server="ftp.rakuten.ne.jp:16910" local="3466313244" remote="7761280516" Dst="-1" /><file name="matte-f.html" server="ftp.rakuten.ne.jp:16910" local="3466313249" remote="7761280516" Dst="-1" /><file name="w-r.html" server="ftp.rakuten.ne.jp:16910" local="3466313251" remote="7761280516" Dst="-1" /><file name="spk-orange-f.html" server="ftp.rakuten.ne.jp:16910//" local="3466501571" remote="7761468856" Dst="-1" /><file name="spk-orange-r.html" server="ftp.rakuten.ne.jp:16910//" local="3466501595" remote="7761468856" Dst="-1" /><file name="spk-pink-f.html" server="ftp.rakuten.ne.jp:16910//" local="3466501645" remote="7761468916" Dst="-1" /><file name="spk-pink-r.html" server="ftp.rakuten.ne.jp:16910//" local="3466501657" remote="7761468916" Dst="-1" /><file name="spk-mauiblue-r.html" server="ftp.rakuten.ne.jp:16910//" local="3466501694" remote="7761468976" Dst="-1" /><file name="spk-mauiblue-f.html" server="ftp.rakuten.ne.jp:16910//" local="3466501706" remote="7761468976" Dst="-1" /><file name="spk-metalicpurple-f.html" server="ftp.rakuten.ne.jp:16910//" local="3466501748" remote="7761468976" Dst="-1" /><file name="spk-metalicpurple-r.html" server="ftp.rakuten.ne.jp:16910//" local="3466501737" remote="7761468976" Dst="-1" /></dwsync>