<?xml version="1.0" encoding="utf-8" ?><dwsync><file name="686274.html" server="ftp.rakuten.ne.jp:16910" local="3458981690" remote="3458981640" Dst="-1" /><file name="035700.html" server="ftp.rakuten.ne.jp:16910" local="3458981746" remote="3458981700" Dst="-1" /><file name="062170.html" server="ftp.rakuten.ne.jp:16910" local="3458981825" remote="3458981820" Dst="-1" /><file name="376340.html" server="ftp.rakuten.ne.jp:16910" local="3458981989" remote="3458981940" Dst="-1" /><file name="447811.html" server="ftp.rakuten.ne.jp:16910" local="3458982061" remote="3458982060" Dst="-1" /><file name="470020.html" server="ftp.rakuten.ne.jp:16910" local="3458982145" remote="3458982120" Dst="-1" /><file name="065050.html" server="ftp.rakuten.ne.jp:16910" local="3458982148" remote="3458982120" Dst="-1" /><file name="471005.html" server="ftp.rakuten.ne.jp:16910" local="3458982185" remote="3458982180" Dst="-1" /><file name="504152.html" server="ftp.rakuten.ne.jp:16910" local="3458982232" remote="3458982180" Dst="-1" /><file name="577289.html" server="ftp.rakuten.ne.jp:16910" local="3458982342" remote="3458982300" Dst="-1" /><file name="686230.html" server="ftp.rakuten.ne.jp:16910" local="3458982433" remote="3458982420" Dst="-1" /><file name="686240.html" server="ftp.rakuten.ne.jp:16910" local="3458982504" remote="3458982480" Dst="-1" /><file name="686250.html" server="ftp.rakuten.ne.jp:16910" local="3458982569" remote="3458982540" Dst="-1" /><file name="650695.html" server="ftp.rakuten.ne.jp:16910" local="3458982571" remote="3458982540" Dst="-1" /><file name="577287.html" server="ftp.rakuten.ne.jp:16910" local="3458982572" remote="3458982540" Dst="-1" /></dwsync>