<?xml version="1.0" encoding="utf-8" ?><dwsync><file name="brk_colorchip.html" server="ftp.rakuten.ne.jp:16910" local="3458980986" remote="3458980980" Dst="-1" /><file name="brk_mx122-red.html" server="ftp.rakuten.ne.jp:16910" local="3458981046" remote="3458981040" Dst="-1" /><file name="brk_mx1_bk.html" server="ftp.rakuten.ne.jp:16910" local="3458981093" remote="3458981040" Dst="-1" /><file name="brk_mx99.html" server="ftp.rakuten.ne.jp:16910" local="3458981140" remote="3458981100" Dst="-1" /><file name="brk_shot.html" server="ftp.rakuten.ne.jp:16910" local="3458981180" remote="3458981160" Dst="-1" /><file name="brk_mx1_s.html" server="ftp.rakuten.ne.jp:16910" local="3458981182" remote="3458981160" Dst="-1" /><file name="brk_mx122_s.html" server="ftp.rakuten.ne.jp:16910" local="3458981182" remote="3458981160" Dst="-1" /><file name="brk_mx122_gl.html" server="ftp.rakuten.ne.jp:16910" local="3458981183" remote="3458981160" Dst="-1" /><file name="brk_mx122_bl.html" server="ftp.rakuten.ne.jp:16910" local="3458981183" remote="3458981160" Dst="-1" /><file name="brk_mx122_bkgl.html" server="ftp.rakuten.ne.jp:16910" local="3458981184" remote="3458981160" Dst="-1" /><file name="brk_mx122_bk.html" server="ftp.rakuten.ne.jp:16910" local="3458981184" remote="3458981160" Dst="-1" /><file name="brk_tech77_bk.html" server="ftp.rakuten.ne.jp:16910" local="3458981264" remote="3458981220" Dst="-1" /><file name="brk_tech99.html" server="ftp.rakuten.ne.jp:16910" local="3458981315" remote="3458981280" Dst="-1" /><file name="brk_tech99d.html" server="ftp.rakuten.ne.jp:16910" local="3458981381" remote="3458981340" Dst="-1" /><file name="hdst_alloyspacer.html" server="ftp.rakuten.ne.jp:16910" local="3458981446" remote="3458981400" Dst="-1" /><file name="hdst_c_spacer.html" server="ftp.rakuten.ne.jp:16910" local="3458981479" remote="3458981460" Dst="-1" /><file name="hdst_alloyspacer2.html" server="ftp.rakuten.ne.jp:16910" local="3458981483" remote="3458981460" Dst="-1" /><file name="brk_tech99ds.html" server="ftp.rakuten.ne.jp:16910" local="3458981483" remote="3458981460" Dst="-1" /><file name="brk_tech77_s.html" server="ftp.rakuten.ne.jp:16910" local="3458981484" remote="3458981460" Dst="-1" /><file name="brk_shot_s.html" server="ftp.rakuten.ne.jp:16910" local="3458981484" remote="3458981460" Dst="-1" /></dwsync>