<?xml version="1.0" encoding="utf-8" ?><dwsync><file name="asa_105_bk.html" server="ftp.rakuten.ne.jp:16910" local="3458373021" remote="3458373000" Dst="-1" /><file name="as_007_bk.html" server="ftp.rakuten.ne.jp:16910" local="3458373047" remote="3458373000" Dst="-1" /><file name="as_158_bk.html" server="ftp.rakuten.ne.jp:16910" local="3458373088" remote="3458373060" Dst="-1" /><file name="as_158_silver.html" server="ftp.rakuten.ne.jp:16910" local="3458373109" remote="3458373060" Dst="-1" /><file name="gc_01.html" server="ftp.rakuten.ne.jp:16910" local="3458373155" remote="3458373120" Dst="-1" /><file name="spc_612.html" server="ftp.rakuten.ne.jp:16910" local="3458373220" remote="3458373180" Dst="-1" /><file name="sp_248d_272_bk.html" server="ftp.rakuten.ne.jp:16910" local="3458373723" remote="3458373720" Dst="-1" /><file name="sp_613n.html" server="ftp.rakuten.ne.jp:16910" local="3458373762" remote="3458373720" Dst="-1" /></dwsync>