<?xml version="1.0" encoding="utf-8" ?><dwsync><file name="130712-735tr.html" server="ftp.rakuten.ne.jp:16910" local="3457591930" remote="3457591920" Dst="-1" /><file name="130702-heritage.html" server="ftp.rakuten.ne.jp:16910" local="3457591974" remote="3457591920" Dst="-1" /><file name="130629-735tr.html" server="ftp.rakuten.ne.jp:16910" local="3457592029" remote="3457591980" Dst="-1" /><file name="130625-heritage.html" server="ftp.rakuten.ne.jp:16910" local="3457592069" remote="3457592040" Dst="-1" /><file name="130621-heritage.html" server="ftp.rakuten.ne.jp:16910" local="3457592104" remote="3457592100" Dst="-1" /><file name="130618-735tr.html" server="ftp.rakuten.ne.jp:16910" local="3457592143" remote="3457592100" Dst="-1" /><file name="130610-735tr.html" server="ftp.rakuten.ne.jp:16910" local="3457592175" remote="3457592160" Dst="-1" /><file name="130608-heritage.html" server="ftp.rakuten.ne.jp:16910" local="3457592211" remote="3457592160" Dst="-1" /><file name="130608-2-heritage.html" server="ftp.rakuten.ne.jp:16910" local="3457592235" remote="3457592220" Dst="-1" /><file name="130603-735tr.html" server="ftp.rakuten.ne.jp:16910" local="3457592270" remote="3457592220" Dst="-1" /><file name="130602-725tr.html" server="ftp.rakuten.ne.jp:16910" local="3457592295" remote="3457592280" Dst="-1" /><file name="130601-725tr.html" server="ftp.rakuten.ne.jp:16910" local="3457592323" remote="3457592280" Dst="-1" /><file name="130723-735tr.html" server="ftp.rakuten.ne.jp:16910" local="3457592395" remote="3457592340" Dst="-1" /><file name="130721-735tr.html" server="ftp.rakuten.ne.jp:16910" local="3457592425" remote="3457592400" Dst="-1" /><file name="130709-735tr.html" server="ftp.rakuten.ne.jp:16910" local="3457592455" remote="3457592400" Dst="-1" /><file name="130708-722.html" server="ftp.rakuten.ne.jp:16910" local="3457592483" remote="3457592460" Dst="-1" /><file name="130703-725tr.html" server="ftp.rakuten.ne.jp:16910" local="3457592527" remote="3457592520" Dst="-1" /><file name="130701-725tr.html" server="ftp.rakuten.ne.jp:16910" local="3457592553" remote="3457592520" Dst="-1" /><file name="130628-heritage.html" server="ftp.rakuten.ne.jp:16910" local="3457592586" remote="3457592580" Dst="-1" /><file name="130627-heritage.html" server="ftp.rakuten.ne.jp:16910" local="3457592612" remote="3457592580" Dst="-1" /><file name="130625-721.html" server="ftp.rakuten.ne.jp:16910" local="3457592647" remote="3457592640" Dst="-1" /><file name="130624-735tr.html" server="ftp.rakuten.ne.jp:16910" local="3457592678" remote="3457592640" Dst="-1" /><file name="130720-2-721tr.html" server="ftp.rakuten.ne.jp:16910" local="3457820122" remote="3457820100" Dst="-1" /><file name="130721-721tr.html" server="ftp.rakuten.ne.jp:16910" local="3457821220" remote="3457821180" Dst="-1" /></dwsync>