<?xml version="1.0" encoding="utf-8" ?><dwsync><file name="stm_vessel_color.html" server="ftp.rakuten.ne.jp:16910" local="3458985456" remote="3458985420" Dst="-1" /><file name="acc_adapter_bk.html" server="ftp.rakuten.ne.jp:16910" local="3458986532" remote="3458986500" Dst="-1" /><file name="bar_dh_straight.html" server="ftp.rakuten.ne.jp:16910" local="3458985574" remote="3458985540" Dst="-1" /><file name="bar_masterfit_riser.html" server="ftp.rakuten.ne.jp:16910" local="3458985712" remote="3458985660" Dst="-1" /><file name="bar_riserbar.html" server="ftp.rakuten.ne.jp:16910" local="3458985753" remote="3458985720" Dst="-1" /><file name="bar_smartfit_riser.html" server="ftp.rakuten.ne.jp:16910" local="3458985931" remote="3458985900" Dst="-1" /><file name="brake_outer.html" server="ftp.rakuten.ne.jp:16910" local="3458985987" remote="3458985960" Dst="-1" /><file name="grip_combination.html" server="ftp.rakuten.ne.jp:16910" local="3458986061" remote="3458986020" Dst="-1" /><file name="grip_leather.html" server="ftp.rakuten.ne.jp:16910" local="3458986137" remote="3458986080" Dst="-1" /><file name="grip_lock_on_tape.html" server="ftp.rakuten.ne.jp:16910" local="3458986309" remote="3458986260" Dst="-1" /><file name="pdl_alloy_3d.html" server="ftp.rakuten.ne.jp:16910" local="3458986528" remote="3458986500" Dst="-1" /><file name="grnge_cog.html" server="ftp.rakuten.ne.jp:16910" local="3458986529" remote="3458986500" Dst="-1" /><file name="grip_lock_light.html" server="ftp.rakuten.ne.jp:16910" local="3458986529" remote="3458986500" Dst="-1" /><file name="grip_lock.html" server="ftp.rakuten.ne.jp:16910" local="3458986530" remote="3458986500" Dst="-1" /><file name="grip_isco.html" server="ftp.rakuten.ne.jp:16910" local="3458986530" remote="3458986500" Dst="-1" /><file name="bar_riserbar_color.html" server="ftp.rakuten.ne.jp:16910" local="3458986530" remote="3458986500" Dst="-1" /><file name="bar_intersect.html" server="ftp.rakuten.ne.jp:16910" local="3458986531" remote="3458986500" Dst="-1" /><file name="bar_flat.html" server="ftp.rakuten.ne.jp:16910" local="3458986531" remote="3458986500" Dst="-1" /><file name="bar_dh.html" server="ftp.rakuten.ne.jp:16910" local="3458986532" remote="3458986500" Dst="-1" /><file name="acc_adapter_s.html" server="ftp.rakuten.ne.jp:16910" local="3458986532" remote="3458986500" Dst="-1" /><file name="pdl_half_clip.html" server="ftp.rakuten.ne.jp:16910" local="3458986768" remote="3458986740" Dst="-1" /><file name="pdl_intro2.html" server="ftp.rakuten.ne.jp:16910" local="3458987026" remote="3458986980" Dst="-1" /><file name="pdl_local_1.html" server="ftp.rakuten.ne.jp:16910" local="3458989637" remote="3458989620" Dst="-1" /><file name="pdl_mtb.html" server="ftp.rakuten.ne.jp:16910" local="3458987274" remote="3458987220" Dst="-1" /><file name="pdl_petit_flat_3.html" server="ftp.rakuten.ne.jp:16910" local="3458987404" remote="3458987400" Dst="-1" /><file name="sdl_cat_fit.html" server="ftp.rakuten.ne.jp:16910" local="3458988209" remote="3458988180" Dst="-1" /><file name="sdl_fem_1.html" server="ftp.rakuten.ne.jp:16910" local="3458989631" remote="3458989620" Dst="-1" /><file name="stm_vessel.html" server="ftp.rakuten.ne.jp:16910" local="3458989624" remote="3458989620" Dst="-1" /><file name="stm_tough.html" server="ftp.rakuten.ne.jp:16910" local="3458989625" remote="3458989620" Dst="-1" /><file name="stm_dh_wh.html" server="ftp.rakuten.ne.jp:16910" local="3458989626" remote="3458989620" Dst="-1" /><file name="stm_dh_s.html" server="ftp.rakuten.ne.jp:16910" local="3458989626" remote="3458989620" Dst="-1" /><file name="stm_dh_gold.html" server="ftp.rakuten.ne.jp:16910" local="3458989627" remote="3458989620" Dst="-1" /><file name="stm_dh_bk.html" server="ftp.rakuten.ne.jp:16910" local="3458989627" remote="3458989620" Dst="-1" /><file name="stm_66.html" server="ftp.rakuten.ne.jp:16910" local="3458989628" remote="3458989620" Dst="-1" /><file name="sdl_vessel_1.html" server="ftp.rakuten.ne.jp:16910" local="3458989628" remote="3458989620" Dst="-1" /><file name="sdl_turbine.html" server="ftp.rakuten.ne.jp:16910" local="3458989628" remote="3458989620" Dst="-1" /><file name="sdl_tti.html" server="ftp.rakuten.ne.jp:16910" local="3458989629" remote="3458989620" Dst="-1" /><file name="sdl_seat_3d.html" server="ftp.rakuten.ne.jp:16910" local="3458989629" remote="3458989620" Dst="-1" /><file name="sdl_plus.html" server="ftp.rakuten.ne.jp:16910" local="3458989630" remote="3458989620" Dst="-1" /><file name="sdl_fem_3.html" server="ftp.rakuten.ne.jp:16910" local="3458989630" remote="3458989620" Dst="-1" /><file name="sdl_cinch_1.html" server="ftp.rakuten.ne.jp:16910" local="3458989631" remote="3458989620" Dst="-1" /><file name="pdl_wing_alumi_1.html" server="ftp.rakuten.ne.jp:16910" local="3458989631" remote="3458989620" Dst="-1" /><file name="pdl_vessel_zero.html" server="ftp.rakuten.ne.jp:16910" local="3458989632" remote="3458989620" Dst="-1" /><file name="pdl_vessel_wh.html" server="ftp.rakuten.ne.jp:16910" local="3458989632" remote="3458989620" Dst="-1" /><file name="pdl_vessel_bk.html" server="ftp.rakuten.ne.jp:16910" local="3458989633" remote="3458989620" Dst="-1" /><file name="pdl_toe_clip.html" server="ftp.rakuten.ne.jp:16910" local="3458989633" remote="3458989620" Dst="-1" /><file name="pdl_side_hug_wh.html" server="ftp.rakuten.ne.jp:16910" local="3458989634" remote="3458989620" Dst="-1" /><file name="pdl_side_hug_s.html" server="ftp.rakuten.ne.jp:16910" local="3458989634" remote="3458989620" Dst="-1" /><file name="pdl_side_hug_bk.html" server="ftp.rakuten.ne.jp:16910" local="3458989634" remote="3458989620" Dst="-1" /><file name="pdl_scuint_alumi.html" server="ftp.rakuten.ne.jp:16910" local="3458989635" remote="3458989620" Dst="-1" /><file name="pdl_scuint2.html" server="ftp.rakuten.ne.jp:16910" local="3458989635" remote="3458989620" Dst="-1" /><file name="pdl_pedal_flat_neo.html" server="ftp.rakuten.ne.jp:16910" local="3458989636" remote="3458989620" Dst="-1" /><file name="pdl_lucent.html" server="ftp.rakuten.ne.jp:16910" local="3458989636" remote="3458989620" Dst="-1" /><file name="pdl_local_2.html" server="ftp.rakuten.ne.jp:16910" local="3458989637" remote="3458989620" Dst="-1" /><file name="pdl_intro_4.html" server="ftp.rakuten.ne.jp:16910" local="3458989637" remote="3458989620" Dst="-1" /><file name="pdl_intro_3.html" server="ftp.rakuten.ne.jp:16910" local="3458989638" remote="3458989620" Dst="-1" /><file name="pdl_intro_1.html" server="ftp.rakuten.ne.jp:16910" local="3458989638" remote="3458989620" Dst="-1" /><file name="pdl_flat_neo_1.html" server="ftp.rakuten.ne.jp:16910" local="3458989639" remote="3458989620" Dst="-1" /><file name="pdl_fandy_2.html" server="ftp.rakuten.ne.jp:16910" local="3458989639" remote="3458989620" Dst="-1" /><file name="pdl_fandy_1.html" server="ftp.rakuten.ne.jp:16910" local="3458989640" remote="3458989620" Dst="-1" /><file name="pdl_alloy_3d_wh.html" server="ftp.rakuten.ne.jp:16910" local="3458989640" remote="3458989620" Dst="-1" /><file name="pdl_alloy_3d_bk.html" server="ftp.rakuten.ne.jp:16910" local="3458989641" remote="3458989620" Dst="-1" /></dwsync>