<?xml version="1.0" encoding="utf-8" ?><dwsync><file name="h3_front.html" server="ftp.rakuten.ne.jp:16910" local="3458117748" remote="3458117700" Dst="-1" /><file name="h3_road_cli.html" server="ftp.rakuten.ne.jp:16910" local="3458117823" remote="3458117820" Dst="-1" /><file name="h3_road_tube.html" server="ftp.rakuten.ne.jp:16910" local="3458117833" remote="3458117820" Dst="-1" /><file name="h3_rear.html" server="ftp.rakuten.ne.jp:16910" local="3458117891" remote="3458117880" Dst="-1" /><file name="jet_5_ex_front.html" server="ftp.rakuten.ne.jp:16910" local="3458117946" remote="3458117940" Dst="-1" /><file name="jet_7_ex_front.html" server="ftp.rakuten.ne.jp:16910" local="3458117983" remote="3458117940" Dst="-1" /><file name="jet6.html" server="ftp.rakuten.ne.jp:16910" local="3458118049" remote="3458118000" Dst="-1" /><file name="jet9.html" server="ftp.rakuten.ne.jp:16910" local="3458118060" remote="3458118060" Dst="-1" /></dwsync>