<?xml version="1.0" encoding="utf-8" ?><dwsync><file name="pisthub_32h_black.html" server="ftp.rakuten.ne.jp:16910" local="3458125949" remote="3458125920" Dst="-1" /><file name="pisthub_32h_silver.html" server="ftp.rakuten.ne.jp:16910" local="3458125960" remote="3458125920" Dst="-1" /><file name="pist_sieldhub_32h.html" server="ftp.rakuten.ne.jp:16910" local="3458126058" remote="3458126040" Dst="-1" /><file name="pist_sieldhub_36h.html" server="ftp.rakuten.ne.jp:16910" local="3458126105" remote="3458126100" Dst="-1" /><file name="pisthub_blue.html" server="ftp.rakuten.ne.jp:16910" local="3458126136" remote="3458126100" Dst="-1" /><file name="pisthub_gold.html" server="ftp.rakuten.ne.jp:16910" local="3458126149" remote="3458126100" Dst="-1" /><file name="pisthub_green.html" server="ftp.rakuten.ne.jp:16910" local="3458126158" remote="3458126100" Dst="-1" /><file name="pisthub_orange.html" server="ftp.rakuten.ne.jp:16910" local="3458126175" remote="3458126160" Dst="-1" /><file name="pisthub_pblue.html" server="ftp.rakuten.ne.jp:16910" local="3458126186" remote="3458126160" Dst="-1" /><file name="pisthub_red.html" server="ftp.rakuten.ne.jp:16910" local="3458126198" remote="3458126160" Dst="-1" /><file name="pisthub_white.html" server="ftp.rakuten.ne.jp:16910" local="3458126206" remote="3458126160" Dst="-1" /><file name="pisthub_yellow.html" server="ftp.rakuten.ne.jp:16910" local="3458126214" remote="3458126160" Dst="-1" /><file name="18t_gear_ring.html" server="ftp.rakuten.ne.jp:16910" local="3458126270" remote="3458126220" Dst="-1" /></dwsync>