<?xml version="1.0" encoding="utf-8" ?><dwsync><file name="cpbt_004_black.html" server="ftp.rakuten.ne.jp:16910" local="3458119582" remote="3458119560" Dst="-1" /><file name="cpbt_004_blue.html" server="ftp.rakuten.ne.jp:16910" local="3458119598" remote="3458119560" Dst="-1" /><file name="cpbt_004_celeste.html" server="ftp.rakuten.ne.jp:16910" local="3458119621" remote="3458119620" Dst="-1" /><file name="cpbt_004_cork.html" server="ftp.rakuten.ne.jp:16910" local="3458119641" remote="3458119620" Dst="-1" /><file name="cpbt_004_or.html" server="ftp.rakuten.ne.jp:16910" local="3458119661" remote="3458119620" Dst="-1" /><file name="cpbt_004_pink.html" server="ftp.rakuten.ne.jp:16910" local="3458119680" remote="3458119680" Dst="-1" /><file name="cpbt_004_red.html" server="ftp.rakuten.ne.jp:16910" local="3458119697" remote="3458119680" Dst="-1" /><file name="cpbt_004_white.html" server="ftp.rakuten.ne.jp:16910" local="3458119711" remote="3458119680" Dst="-1" /><file name="cpbt_005_black.html" server="ftp.rakuten.ne.jp:16910" local="3458119759" remote="3458119740" Dst="-1" /><file name="cpbt_011.html" server="ftp.rakuten.ne.jp:16910" local="3458119784" remote="3458119740" Dst="-1" /><file name="cpbt_019_blue.html" server="ftp.rakuten.ne.jp:16910" local="3458119828" remote="3458119800" Dst="-1" /><file name="cpbt_019_red.html" server="ftp.rakuten.ne.jp:16910" local="3458119843" remote="3458119800" Dst="-1" /><file name="cpbt_019_s.html" server="ftp.rakuten.ne.jp:16910" local="3458119858" remote="3458119800" Dst="-1" /><file name="cpbt_019_white.html" server="ftp.rakuten.ne.jp:16910" local="3458119876" remote="3458119860" Dst="-1" /><file name="cpbt_032.html" server="ftp.rakuten.ne.jp:16910" local="3458119939" remote="3458119920" Dst="-1" /><file name="cpbt_035_black.html" server="ftp.rakuten.ne.jp:16910" local="3458119985" remote="3458119980" Dst="-1" /><file name="cpbt_035_wh.html" server="ftp.rakuten.ne.jp:16910" local="3458119981" remote="3458119980" Dst="-1" /><file name="cpbt_042_bk_blue.html" server="ftp.rakuten.ne.jp:16910" local="3458120032" remote="3458119980" Dst="-1" /><file name="cpbt_042_bk_red.html" server="ftp.rakuten.ne.jp:16910" local="3458120047" remote="3458120040" Dst="-1" /><file name="cpbt_042_wh_blue.html" server="ftp.rakuten.ne.jp:16910" local="3458120064" remote="3458120040" Dst="-1" /><file name="cpbt_042_wh_red.html" server="ftp.rakuten.ne.jp:16910" local="3458120078" remote="3458120040" Dst="-1" /><file name="cpbt_045_bk.html" server="ftp.rakuten.ne.jp:16910" local="3458120105" remote="3458120100" Dst="-1" /><file name="cpbt_045_blue.html" server="ftp.rakuten.ne.jp:16910" local="3458120118" remote="3458120100" Dst="-1" /><file name="cpbt_045_red.html" server="ftp.rakuten.ne.jp:16910" local="3458120134" remote="3458120100" Dst="-1" /><file name="cpbt_045_wh.html" server="ftp.rakuten.ne.jp:16910" local="3458120150" remote="3458120100" Dst="-1" /><file name="cpbt_049_bk.html" server="ftp.rakuten.ne.jp:16910" local="3458120215" remote="3458120160" Dst="-1" /><file name="cpbt_049_wh.html" server="ftp.rakuten.ne.jp:16910" local="3458120288" remote="3458120280" Dst="-1" /><file name="cpbt_055_bk.html" server="ftp.rakuten.ne.jp:16910" local="3458120268" remote="3458120220" Dst="-1" /><file name="cpbt_055_red.html" server="ftp.rakuten.ne.jp:16910" local="3458120309" remote="3458120280" Dst="-1" /><file name="cpbt_055_wh.html" server="ftp.rakuten.ne.jp:16910" local="3458120323" remote="3458120280" Dst="-1" /><file name="cp_sd221_bk.html" server="ftp.rakuten.ne.jp:16910" local="3458120377" remote="3458120340" Dst="-1" /><file name="cp_sd221_blue.html" server="ftp.rakuten.ne.jp:16910" local="3458120390" remote="3458120340" Dst="-1" /><file name="cp_sd221_brown.html" server="ftp.rakuten.ne.jp:16910" local="3458120407" remote="3458120400" Dst="-1" /><file name="cp_sd221_check.html" server="ftp.rakuten.ne.jp:16910" local="3458120421" remote="3458120400" Dst="-1" /><file name="cp_sd221_natural.html" server="ftp.rakuten.ne.jp:16910" local="3458120442" remote="3458120400" Dst="-1" /><file name="cp_sd221_wh.html" server="ftp.rakuten.ne.jp:16910" local="3458120497" remote="3458120460" Dst="-1" /><file name="cp_ts_3108.html" server="ftp.rakuten.ne.jp:16910" local="3458120534" remote="3458120520" Dst="-1" /><file name="cp_ts_3108_bk.html" server="ftp.rakuten.ne.jp:16910" local="3458120548" remote="3458120520" Dst="-1" /><file name="ds1_bk.html" server="ftp.rakuten.ne.jp:16910" local="3458120610" remote="3458120580" Dst="-1" /><file name="ds1_red.html" server="ftp.rakuten.ne.jp:16910" local="3458120623" remote="3458120580" Dst="-1" /><file name="ds1_s.html" server="ftp.rakuten.ne.jp:16910" local="3458120636" remote="3458120580" Dst="-1" /><file name="ds1_wh.html" server="ftp.rakuten.ne.jp:16910" local="3458120650" remote="3458120640" Dst="-1" /></dwsync>