<?xml version="1.0" encoding="utf-8" ?><dwsync><file name="super_type_pist.html" server="ftp.rakuten.ne.jp:16910" local="3458127079" remote="3458127060" Dst="-1" /><file name="supertype_pist_disc.html" server="ftp.rakuten.ne.jp:16910" local="3458127092" remote="3458127060" Dst="-1" /><file name="pistard.html" server="ftp.rakuten.ne.jp:16910" local="3458127242" remote="3458127240" Dst="-1" /><file name="pistard_cli.html" server="ftp.rakuten.ne.jp:16910" local="3458127250" remote="3458127240" Dst="-1" /><file name="piste_ch_ring.html" server="ftp.rakuten.ne.jp:16910" local="3458149280" remote="3458149260" Dst="-1" /><file name="advanced_silver.html" server="ftp.rakuten.ne.jp:16910" local="3458149338" remote="3458149320" Dst="-1" /><file name="advanced_red.html" server="ftp.rakuten.ne.jp:16910" local="3458149342" remote="3458149320" Dst="-1" /><file name="advanced_blue.html" server="ftp.rakuten.ne.jp:16910" local="3458149351" remote="3458149320" Dst="-1" /><file name="advanced_gold.html" server="ftp.rakuten.ne.jp:16910" local="3458149359" remote="3458149320" Dst="-1" /><file name="advanced.html" server="ftp.rakuten.ne.jp:16910" local="3458149418" remote="3458149380" Dst="-1" /><file name="advanced_bk.html" server="ftp.rakuten.ne.jp:16910" local="3458149428" remote="3458149380" Dst="-1" /><file name="advanced_red_2.html" server="ftp.rakuten.ne.jp:16910" local="3458149437" remote="3458149380" Dst="-1" /><file name="advanced_blue_2.html" server="ftp.rakuten.ne.jp:16910" local="3458149448" remote="3458149440" Dst="-1" /><file name="advanced_gold_2.html" server="ftp.rakuten.ne.jp:16910" local="3458149460" remote="3458149440" Dst="-1" /><file name="supertype_bk.html" server="ftp.rakuten.ne.jp:16910" local="3458149555" remote="3458149500" Dst="-1" /><file name="supertype_s.html" server="ftp.rakuten.ne.jp:16910" local="3458149564" remote="3458149560" Dst="-1" /><file name="supertype_red.html" server="ftp.rakuten.ne.jp:16910" local="3458149571" remote="3458149560" Dst="-1" /><file name="supertype_blue.html" server="ftp.rakuten.ne.jp:16910" local="3458149579" remote="3458149560" Dst="-1" /><file name="supertype_gold.html" server="ftp.rakuten.ne.jp:16910" local="3458149587" remote="3458149560" Dst="-1" /><file name="cleat_mt4_s.html" server="ftp.rakuten.ne.jp:16910" local="3458149740" remote="3458149740" Dst="-1" /><file name="cleat_mt4_red.html" server="ftp.rakuten.ne.jp:16910" local="3458149678" remote="3458149620" Dst="-1" /><file name="cleat_502_red.html" server="ftp.rakuten.ne.jp:16910" local="3458149703" remote="3458149680" Dst="-1" /><file name="cleat_502_yellow.html" server="ftp.rakuten.ne.jp:16910" local="3458149714" remote="3458149680" Dst="-1" /><file name="cleat_302.html" server="ftp.rakuten.ne.jp:16910" local="3458149729" remote="3458149680" Dst="-1" /><file name="zeropoint.html" server="ftp.rakuten.ne.jp:16910" local="3458174224" remote="3458174220" Dst="-1" /></dwsync>