<?xml version="1.0" encoding="utf-8" ?><dwsync><file name="crnk_ss.html" server="ftp.rakuten.ne.jp:16910" local="3458982764" remote="3458982720" Dst="-1" /><file name="hub_gc_i_rear.html" server="ftp.rakuten.ne.jp:16910" local="3458982950" remote="3458982900" Dst="-1" /><file name="hub_gc_pro_f.html" server="ftp.rakuten.ne.jp:16910" local="3458983023" remote="3458983020" Dst="-1" /><file name="hub_gc_wh.html" server="ftp.rakuten.ne.jp:16910" local="3458983118" remote="3458983080" Dst="-1" /><file name="hub_gc_wh2.html" server="ftp.rakuten.ne.jp:16910" local="3458983181" remote="3458983140" Dst="-1" /><file name="rim_gc.html" server="ftp.rakuten.ne.jp:16910" local="3458983673" remote="3458983620" Dst="-1" /><file name="tire_firststaff.html" server="ftp.rakuten.ne.jp:16910" local="3458983673" remote="3458983620" Dst="-1" /><file name="tire_sidewave.html" server="ftp.rakuten.ne.jp:16910" local="3458983387" remote="3458983380" Dst="-1" /><file name="tire_ss.html" server="ftp.rakuten.ne.jp:16910" local="3458983476" remote="3458983440" Dst="-1" /><file name="whl_gc_wh.html" server="ftp.rakuten.ne.jp:16910" local="3458983669" remote="3458983620" Dst="-1" /><file name="whl_gc_s.html" server="ftp.rakuten.ne.jp:16910" local="3458983670" remote="3458983620" Dst="-1" /><file name="whl_gc_red.html" server="ftp.rakuten.ne.jp:16910" local="3458983670" remote="3458983620" Dst="-1" /><file name="whl_gc_pink.html" server="ftp.rakuten.ne.jp:16910" local="3458983671" remote="3458983620" Dst="-1" /><file name="whl_gc_gr.html" server="ftp.rakuten.ne.jp:16910" local="3458983671" remote="3458983620" Dst="-1" /><file name="whl_gc_gl.html" server="ftp.rakuten.ne.jp:16910" local="3458983672" remote="3458983620" Dst="-1" /><file name="whl_gc_bk.html" server="ftp.rakuten.ne.jp:16910" local="3458983672" remote="3458983620" Dst="-1" /><file name="rim_gc_color.html" server="ftp.rakuten.ne.jp:16910" local="3458983673" remote="3458983620" Dst="-1" /><file name="hub_gc_s2.html" server="ftp.rakuten.ne.jp:16910" local="3458983674" remote="3458983620" Dst="-1" /><file name="hub_gc_s.html" server="ftp.rakuten.ne.jp:16910" local="3458983674" remote="3458983620" Dst="-1" /><file name="hub_gc_red.html" server="ftp.rakuten.ne.jp:16910" local="3458983675" remote="3458983620" Dst="-1" /><file name="hub_gc_pro_r.html" server="ftp.rakuten.ne.jp:16910" local="3458983675" remote="3458983620" Dst="-1" /><file name="hub_gc_pr.html" server="ftp.rakuten.ne.jp:16910" local="3458983676" remote="3458983620" Dst="-1" /><file name="hub_gc_pink.html" server="ftp.rakuten.ne.jp:16910" local="3458983676" remote="3458983620" Dst="-1" /><file name="hub_gc_gr.html" server="ftp.rakuten.ne.jp:16910" local="3458983677" remote="3458983620" Dst="-1" /><file name="hub_gc_gl.html" server="ftp.rakuten.ne.jp:16910" local="3458983677" remote="3458983620" Dst="-1" /><file name="hub_gc_bl.html" server="ftp.rakuten.ne.jp:16910" local="3458983678" remote="3458983620" Dst="-1" /><file name="hub_gc_bk2.html" server="ftp.rakuten.ne.jp:16910" local="3458983678" remote="3458983620" Dst="-1" /><file name="hub_gc_bk.html" server="ftp.rakuten.ne.jp:16910" local="3458983679" remote="3458983620" Dst="-1" /></dwsync>